_id,Age,birth_date,district,email,gender,governorate,name,number_of_exchanges,plastic_quantity,points,points_gained,profession
62854de0c86e7002655183c9,41,9/30/1980,Basyon,Wilhelmine15@hotmail.com,MALE,Gharbia,ضياء العواني المبجل - Dhiaa Alawanei Alambjl ,4,16,462,1957,Product Marketing Producer - إداري
62854de0c86e7002655183ca,21,9/24/2000,Snoras,Jarrell67@hotmail.com,MALE,Faiyum,كرم بن عاشور المبجل - Karm Bn AIshoar Alambjl ,2,10,381,1350,Human Assurance Assistant - مدير
62854de0c86e7002655183cb,23,4/30/1999,Eyetay El Barood,Billie.Pollich68@gmail.com,FEMALE,Beheira,ريم النقاش - Riam AlnqIsh ,1,2,176,424,International Accounts Planner - مهندس
62854de0c86e7002655183cc,44,4/29/1978,El Dawahy,Catharine37@yahoo.com,MALE,Port Said,معين الشيباني - Muain Alshibanei ,1,8,53,544,Internal Configuration Associate - مبرمج
62854de0c86e7002655183cd,39,10/7/1982,Faisal,Cecil81@gmail.com,FEMALE,Giza,عنود الصفار - Anod Alsafar ,1,3,269,474,Customer Directives Designer - تنفيذي
62854de0c86e7002655183ce,24,9/17/1997,El Balyana,Delphine.Lesch38@yahoo.com,MALE,Sohag,آنسة فارس بن عبد الكريم - Anisah Fars Bn Abad Alkariam ,1,8,382,964,International Data Coordinator - محلل
62854de0c86e7002655183cf,38,4/27/1984,Third Ismaillia,Karolann.Kunze@yahoo.com,MALE,Ismailia,سيدة مبروك السقا - Saidah Mbrok Alsqa ,1,12,1460,2100,District Directives Architect - منسق
62854de0c86e7002655183d0,51,10/6/1970,Baltim,Jana.Halvorson40@gmail.com,MALE,Kafr El Sheikh,حلمي الحمامي - Hlamai Alhamamai ,3,11,523,2115,Human Assurance Technician - محلل
62854de0c86e7002655183d1,36,8/26/1985,Marg And Ezbet El Nakhl,Arden33@yahoo.com,MALE,Cairo,سيد حسان سعيد - Said Husan Saaid ,3,9,61,893,Lead Markets Administrator - مهندس
62854de0c86e7002655183d2,30,1/23/1992,Sueiz,Frederic.Pagac@yahoo.com,MALE,Suez,خليل جابالله - Khalail Jaballah ,1,2,149,424,Global Paradigm Consultant - مخطط
62854de0c86e7002655183d3,45,2/27/1977,Basyon,Eliza.Schmidt14@hotmail.com,FEMALE,Gharbia,فاطمه الشتيوي - Fatmuah Alshtioi ,3,19,184,2033,Customer Functionality Liaison - مستشار
62854de0c86e7002655183d4,46,9/15/1975,Birket El Sab,Magnolia_Goldner@hotmail.com,MALE,Monufia,حامد النابلي حفظه الله - Hamid Alnablai Hfzah Allah ,1,3,1,273,Senior Configuration Assistant - محلل
62854de0c86e7002655183d5,24,12/26/1997,Farshut,Kelsi_Bartell@hotmail.com,MALE,Qena,عدلان المولدي - Adlan Alamoldi ,1,10,242,802,Direct Identity Engineer - منسق
62854de0c86e7002655183d6,32,7/22/1989,Eyetay El Barood,Josiah43@yahoo.com,FEMALE,Beheira,عوضية المدقي الموقر - Aodhiah Alamdqai Alamoqur ,2,4,203,848,International Operations Liaison - تقني
62854de0c86e7002655183d7,50,8/15/1971,Kafr El Zayat,Matilde_Harvey@hotmail.com,FEMALE,Gharbia,فاطمه نيفر - Fatmuah Nifar ,3,32,4731,6520,Future Configuration Director - متخصص
62854de0c86e7002655183d8,34,1/23/1988,Fuwwah,Deangelo.Kohler22@hotmail.com,MALE,Kafr El Sheikh,عادل بن عبد الكريم - Aadl Bn Abad Alkariam ,3,14,135,1700,Product Data Manager - رئيس مؤسسة
62854de0c86e7002655183d9,15,10/10/2006,El Mokattam,Emery.Abbott@gmail.com,MALE,Cairo,فرحات شقرون - Farahat Shquron ,1,9,545,1071,National Program Executive - متدرب
62854de0c86e7002655183da,32,12/1/1989,Nasr El Noba,Yvonne.Kuvalis73@gmail.com,MALE,Aswan,رامي الرصاع - Rami Alrsaa ,2,9,915,1622,Customer Tactics Planner - مخطط
62854de0c86e7002655183db,15,8/19/2006,Fuwwah,Kara.Oberbrunner35@gmail.com,MALE,Kafr El Sheikh,خيري الطريقي - Khairi Altriqai ,1,19,1503,1918,International Assurance Administrator - مستشار
62854de0c86e7002655183dc,51,1/2/1971,Sharq,Nikki71@hotmail.com,MALE,Port Said,بروفيسور باسم النخلي - Brofisaoar Basam Alnkhalai ,1,15,1920,2335,Product Assurance Administrator - تنفيذي
62854de0c86e7002655183dd,20,7/21/2001,Menia El Naser,Vella_Rosenbaum@yahoo.com,MALE,Dakahlia,فيصل بن عبد السلام - Fisl Bn Abad Alsalam ,1,6,198,758,Future Paradigm Producer - متخصص
62854de0c86e7002655183de,47,1/24/1975,Kom Embo,Angelita25@gmail.com,FEMALE,Aswan,بلسم بودوارة - Blsam Bodwarah ,2,8,60,1362,Global Branding Technician - رئيس مؤسسة
62854de0c86e7002655183df,46,2/24/1976,Mnouf,Coby.Gislason@hotmail.com,MALE,Monufia,ناجي الوحيشي - Naji Alohaishi ,1,11,494,1146,Investor Directives Coordinator - منسق
62854de0c86e7002655183e0,31,4/4/1991,Second El Mahala El Koubra,Stevie_Hayes15@gmail.com,MALE,Gharbia,فراس سعيد - Faras Saaid ,0,2,170,170,District Optimization Assistant - منتج
62854de0c86e7002655183e1,37,3/2/1985,Saker Sons,Savion41@hotmail.com,FEMALE,Sharqia,عنود الكافي - Anod Alkafii ,1,6,23,408,District Mobility Executive - تنفيذي
62854de0c86e7002655183e2,31,12/8/1990,Qalyub,Gilbert_Kiehn66@hotmail.com,FEMALE,Qalyubia,نوف زقية الموقر - Nof Zqaiah Alamoqur ,1,5,283,511,Regional Marketing Specialist - مستشار
62854de0c86e7002655183e3,24,10/23/1997,Shibin El Kom,Herminia_Stroman32@gmail.com,FEMALE,Monufia,فاطمه السقاط - Fatmuah Alsqat ,1,10,1958,2480,National Implementation Executive - وكيل
62854de0c86e7002655183e4,38,7/25/1983,Armant,Jacinthe_Gleichner@yahoo.com,FEMALE,Luxor,براءة النفير - Baraaah Alnfir ,2,9,176,1131,Future Implementation Director - رئيس مؤسسة
62854de0c86e7002655183e5,41,1/30/1981,El Kantara Shark,Kailey_Kling@hotmail.com,MALE,Ismailia,على خنفير المحترم - Ala Khnfir Alamuhtrm ,1,1,44,251,National Solutions Facilitator - وكيل
62854de0c86e7002655183e6,32,7/7/1989,Abou Qirqas,Clifton_Satterfield28@gmail.com,FEMALE,Minya,عنود جابالله - Anod Jaballah ,3,14,476,1982,Customer Data Agent - رئيس مؤسسة
62854de0c86e7002655183e7,38,9/22/1983,Hurgada,Tyra76@hotmail.com,FEMALE,Red Sea,عوضية الشيباني - Aodhiah Alshibanei ,4,19,599,2292,Internal Functionality Assistant - تنفيذي
62854de0c86e7002655183e8,35,11/14/1986,Safaga,Cecile.Crooks@gmail.com,FEMALE,Red Sea,بلسم النخلي - Blsam Alnkhalai ,1,4,185,512,Internal Brand Analyst - مستشار
62854de0c86e7002655183e9,28,2/27/1994,Bani Suef,Annetta_Hoppe6@hotmail.com,FEMALE,Beni Suef,عنود بنسلامة - Anod Bnisalamah ,1,14,1137,1552,Human Operations Engineer - متخصص
62854de0c86e7002655183ea,26,6/8/1996,El Ramel,Martine_Reichel@yahoo.com,FEMALE,Alexandria,فاطمه خنفير - Fatmuah Khnfir ,1,2,10,254,Legacy Web Specialist - متخصص
62854de0c86e7002655183eb,15,8/19/2006,Sadat City,Hilario5@hotmail.com,FEMALE,Monufia,آنسة ريم المحجوب - Anisah Riam Alamahajob ,4,13,967,2594,Principal Interactions Designer - مصمم
62854de0c86e7002655183ec,38,7/23/1983,El Balyana,Emily15@gmail.com,MALE,Sohag,سالم العنابي - Salam Alanabi ,2,28,6640,7672,Central Accounts Analyst - منسق
62854de0c86e7002655183ed,21,3/29/2001,Edfo,Derick_Strosin@yahoo.com,MALE,Aswan,سيد وديع بنسلامة - Said Wdia Bnisalamah ,3,18,1911,3448,Customer Optimization Agent - مستشار
62854de0c86e7002655183ee,48,8/13/1973,Menaa El Kamh,Kathryn.Smitham@hotmail.com,MALE,Sharqia,خلدون الع لويني - Khaldon Ala Loini ,2,5,129,962,Corporate Markets Designer - مصمم
62854de0c86e7002655183ef,38,1/11/1984,Tamya,Loyce_Dietrich@yahoo.com,FEMALE,Faiyum,بلسم المنيف - Blsam Alamanif ,1,7,290,841,Chief Usability Liaison - منسق
62854de0c86e7002655183f0,19,6/8/2003,Deir Mawas,Clemens_Koepp14@hotmail.com,FEMALE,Minya,فاطمه الحمامي - Fatmuah Alhamamai ,4,20,462,2368,Central Intranet Facilitator - منتج
62854de0c86e7002655183f1,55,9/15/1966,Shekh Zayed,Bruce.Braun72@gmail.com,MALE,Giza,سيد سماح بن عمر - Said Samah Bn Omar ,1,7,797,1437,Corporate Configuration Planner - رئيس مؤسسة
62854de0c86e7002655183f2,39,12/29/1982,Farshut,Kamren.OHara@gmail.com,FEMALE,Qena,ريم بوديبة - Riam Bodibah ,1,11,451,1142,Investor Paradigm Developer - إداري
62854de0c86e7002655183f3,49,4/7/1973,Ras El Bar,Hortense.Dickens91@gmail.com,FEMALE,Damietta,بتول بن عبد الكريم المبجل - Btol Bn Abad Alkariam Alambjl ,1,6,167,496,International Implementation Assistant - مشرف
62854de0c86e7002655183f4,46,7/15/1975,El Manakh,Wilhelm97@gmail.com,MALE,Port Said,عزمي المدقي - Azmai Alamdqai ,1,5,64,716,Legacy Operations Technician - مدير
62854de0c86e7002655183f5,39,12/5/1982,Biba,Cornell_McDermott@hotmail.com,FEMALE,Beni Suef,بلسم بن حمودة - Blsam Bn Hamodah ,1,8,498,1024,Senior Metrics Associate - متدرب
62854de0c86e7002655183f6,46,6/13/1976,Abshway,Taylor.Franey43@gmail.com,FEMALE,Faiyum,اروي الخليفي - Aroi Alkhalaifi ,3,29,4017,5554,Corporate Accountability Orchestrator - إداري
62854de0c86e7002655183f7,47,9/19/1974,El Tor,Jack21@gmail.com,FEMALE,South Sinai,اروي الشتيوي - Aroi Alshtioi ,1,12,1163,1428,Customer Configuration Agent - مصمم
62854de0c86e7002655183f8,18,8/22/2003,Menia El Naser,Susan_Boyer78@hotmail.com,MALE,Dakahlia,شفيع بن عبد الكريم - Shfia Bn Abad Alkariam ,1,15,1213,1478,Dynamic Configuration Designer - إداري
62854de0c86e7002655183f9,26,12/9/1995,Dekrns,Rosamond42@hotmail.com,FEMALE,Dakahlia,بلسم جابالله - Blsam Jaballah ,1,4,191,412,Legacy Markets Assistant - متخصص
62854de0c86e7002655183fa,31,4/5/1991,Sedy Gaber,Rafael.Sawayn@gmail.com,MALE,Alexandria,فراس همدان - Faras Hmdan ,1,5,55,343,Internal Accounts Coordinator - تنفيذي
62854de0c86e7002655183fb,55,8/22/1966,Ehnasia,Wendy_Parker@hotmail.com,FEMALE,Beni Suef,ريم بن عثمان - Riam Bn Athman ,1,4,230,510,Dynamic Metrics Assistant - منتج
62854de0c86e7002655183fc,18,7/7/2003,El Tor,Kamryn17@yahoo.com,FEMALE,South Sinai,نوف غويلة - Nof Ghoilah ,1,8,123,528,Dynamic Functionality Officer - تقني
62854de0c86e7002655183fd,35,2/14/1987,El Mahmodia,Spencer93@yahoo.com,MALE,Beheira,بدران الطويل - Badran Altoil ,2,17,1585,2432,Central Communications Manager - منسق
62854de0c86e7002655183fe,41,11/16/1980,Ehnasia,Denis86@gmail.com,FEMALE,Beni Suef,بتول العواني - Btol Alawanei ,4,11,631,2126,Investor Paradigm Architect - متدرب
62854de0c86e7002655183ff,25,11/9/1996,El Kantara Gharb,Vincenzo.Dietrich@yahoo.com,FEMALE,Ismailia,عنود نيفر - Anod Nifar ,4,29,3654,5560,International Assurance Director - مساعد
62854de0c86e700265518400,30,6/26/1992,Omrania,Flavie.Schimmel@yahoo.com,MALE,Giza,حكيم بنسلامة - Hakiam Bnisalamah ,3,22,1495,2668,Legacy Security Producer - مشرف
62854de0c86e700265518401,45,3/30/1977,Asswan,Cicero_Renner@yahoo.com,MALE,Aswan,فهمي بودوارة - Fhmai Bodwarah ,2,20,3217,4400,National Factors Planner - متخصص
62854de0c86e700265518402,43,12/18/1978,Faraskour,Cheyanne.Fisher@yahoo.com,FEMALE,Damietta,اروي الشتيوي - Aroi Alshtioi ,1,7,851,1480,Principal Communications Director - متدرب
62854de0c86e700265518403,36,12/21/1985,Abo Teag,Roberta_Bruen40@yahoo.com,MALE,Asyut,عرفان بن عبد الكريم المحترم - Arafan Bn Abad Alkariam Alamuhtrm ,1,3,192,553,Central Infrastructure Consultant - مخطط
62854de0c86e700265518404,42,12/4/1979,Abshway,Alexander83@yahoo.com,MALE,Faiyum,آنسة طيب زروق - Anisah Taib Zroq ,3,26,3217,5006,International Infrastructure Engineer - متدرب
62854de0c86e700265518405,18,12/21/2003,Essna,Jake.Turcotte@gmail.com,MALE,Luxor,مطيع البشيري - Mtaia Albshiri ,2,30,2585,3540,Future Assurance Designer - مبرمج
62854de0c86e700265518406,17,8/24/2004,Al Wasta,Greg.Considine@hotmail.com,MALE,Beni Suef,عاشور الرصاع حفظه الله - AIshoar Alrsaa Hfzah Allah ,1,7,469,734,Forward Marketing Designer - متخصص
62854de0c86e700265518407,47,6/26/1975,Ibrahimia,Harry_Hamill41@gmail.com,MALE,Alexandria,مرتضى يافع - Martdha Yafa ,1,4,95,618,Investor Branding Administrator - محلل
62854de0c86e700265518408,48,5/8/1974,Sedy Beshr,Kendall_Walter99@gmail.com,FEMALE,Alexandria,عنود القلشاني - Anod Aliqlshanei ,2,14,1073,1878,Central Applications Technician - وكيل
62854de0c86e700265518409,28,1/27/1994,6th October,Jason.MacGyver37@yahoo.com,MALE,Giza,حفيظ بن حمودة - Hfiz Bn Hamodah ,4,29,921,3162,District Quality Engineer - تنفيذي
62854de0c86e70026551840a,15,6/9/2007,Farshut,Georgianna_Bayer@yahoo.com,FEMALE,Qena,خلود المحجوب - Khalod Alamahajob ,0,2,170,170,Forward Identity Technician - مصمم
62854de0c86e70026551840b,41,7/25/1980,Damietta District,Rick.Baumbach@hotmail.com,FEMALE,Damietta,ريم الصفار - Riam Alsafar ,0,2,132,132,Legacy Integration Manager - تنفيذي
62854de0c86e70026551840c,21,6/17/2001,Desouk,Emmanuel.Frami@gmail.com,MALE,Kafr El Sheikh,رشيد عاشور - Rshid AIshoar ,1,3,96,309,Legacy Marketing Designer - رئيس مؤسسة
62854de0c86e70026551840d,31,1/22/1991,Nasser,Rosemarie_Bergnaum85@yahoo.com,FEMALE,Beni Suef,آنسة براءة الأشراف - Anisah Baraaah Alashraf ,1,3,55,261,Global Applications Planner - مساعد
62854de0c86e70026551840e,44,10/2/1977,Kafr Saad,Tianna_Hessel75@hotmail.com,FEMALE,Damietta,عنود النخلي المحترم - Anod Alnkhalai Alamuhtrm ,1,3,170,752,Regional Mobility Architect - متدرب
62854de0c86e70026551840f,38,12/31/1983,Abou Redis,Casey_McLaughlin62@gmail.com,FEMALE,South Sinai,عنود زقية - Anod Zqaiah ,1,6,293,984,Global Functionality Coordinator - رئيس مؤسسة
62854de0c86e700265518410,30,12/28/1991,Saint Catherine,Marielle.Moore@yahoo.com,FEMALE,South Sinai,خلود ادريس - Khalod Idris ,3,9,402,1908,International Integration Designer - محلل
62854de0c86e700265518411,52,7/24/1969,Edko,Nora3@hotmail.com,FEMALE,Beheira,بلسم زقية - Blsam Zqaiah ,2,22,1941,3096,Direct Assurance Manager - تقني
62854de0c86e700265518412,18,6/30/2004,Nuweiba,Birdie80@hotmail.com,FEMALE,South Sinai,عوضية السقا - Aodhiah Alsqa ,2,13,438,1756,District Interactions Producer - مخطط
62854de0c86e700265518413,44,1/9/1978,Shuhada,Mike_Reinger10@yahoo.com,MALE,Monufia,بروفيسور قاسم السقاط - Brofisaoar Qasam Alsqat ,4,23,2269,3764,District Optimization Planner - منتج
62854de0c86e700265518414,46,5/28/1976,Biba,Reba.Reinger@gmail.com,FEMALE,Beni Suef,براءة عنون - Baraaah Anon ,1,4,33,364,Future Creative Coordinator - متدرب
62854de0c86e700265518415,55,4/10/1967,Dar El Salam,Eduardo66@yahoo.com,MALE,Sohag,منتصر يافع - Muntsar Yafa ,0,2,136,136,Dynamic Metrics Associate - رئيس مؤسسة
62854de0c86e700265518416,45,7/25/1976,Fakous,Lulu_Glover@hotmail.com,MALE,Sharqia,ليث الغربي - Laith Alghrabi ,2,10,944,1615,Dynamic Quality Analyst - مخطط
62854de0c86e700265518417,17,3/4/2005,Birket El Sab,Alia.Veum40@gmail.com,FEMALE,Monufia,نوف نيفر - Nof Nifar ,2,8,109,1231,Internal Assurance Manager - منسق
62854de0c86e700265518418,41,3/16/1981,Saint Catherine,Geovany.Lowe@yahoo.com,FEMALE,South Sinai,عنود عطالله - Anod Aatallah ,1,5,190,460,Forward Quality Administrator - محلل
62854de0c86e700265518419,34,5/4/1988,Arish,Ryan95@gmail.com,FEMALE,North Sinai,بلسم الزوابي - Blsam Alzwabi ,1,6,78,492,Forward Security Director - مبرمج
62854de0c86e70026551841a,36,1/16/1986,Dekrns,Cyrus41@yahoo.com,FEMALE,Dakahlia,دكتور بتول نيفر - Dktoar Btol Nifar ,3,18,1096,2429,Forward Interactions Designer - تقني
62854de0c86e70026551841b,46,6/18/1976,El Zohour,Felix_Ferry20@yahoo.com,FEMALE,Port Said,عنود القلشاني - Anod Aliqlshanei ,1,2,6,254,International Integration Facilitator - مصمم
62854de0c86e70026551841c,44,4/30/1978,Third Ismaillia,Jaleel51@hotmail.com,MALE,Ismailia,حذيفة الغربي - Hthifah Alghrabi ,1,12,1808,2011,Internal Interactions Technician - منسق
62854de0c86e70026551841d,19,1/12/2003,Abnoub,Werner_Pollich17@gmail.com,MALE,Asyut,رزق النابلي - Rzq Alnablai ,0,1,87,87,Forward Accountability Analyst - تقني
62854de0c86e70026551841e,15,1/17/2007,Samasta,Cristal.Parisian@hotmail.com,MALE,Beni Suef,رائد الزوابي - Raad Alzwabi ,2,23,2585,3691,District Web Director - متخصص
62854de0c86e70026551841f,39,8/25/1982,Birket El Sab,Ike_Grimes19@gmail.com,MALE,Monufia,دكتور منتصر جابالله - Dktoar Muntsar Jaballah ,1,10,643,1166,Lead Accountability Developer - مخطط
62854de0c86e700265518420,23,6/16/1999,Atfeh,Danny13@yahoo.com,MALE,Giza,غانم العطار - Ghanm Alaatar ,1,8,172,782,Dynamic Response Analyst - تنفيذي
62854de0c86e700265518421,29,4/11/1993,El Arbein,Garland_Von@gmail.com,MALE,Suez,حمودة همدان - Hamodah Hmdan ,1,13,1590,2219,Human Applications Developer - منسق
62854de0c86e700265518422,48,3/20/1974,El Dawahy,Isobel5@gmail.com,FEMALE,Port Said,اروي هذيل - Aroi Hthil ,3,12,354,1914,Dynamic Accountability Architect - مدير
62854de0c86e700265518423,16,7/19/2005,Naqada,Mitchel_Yost@hotmail.com,FEMALE,Qena,اروي بن عاشور - Aroi Bn AIshoar ,3,6,49,1400,Legacy Usability Technician - مصمم
62854de0c86e700265518424,18,3/16/2004,El Senbalween,Nicholaus.Bartell@hotmail.com,MALE,Dakahlia,سيدة هاشم الشيباني - Saidah HIshm Alshibanei ,2,14,1902,2749,Senior Branding Liaison - منسق
62854de0c86e700265518425,19,4/29/2003,Bir Al Abd,Nicklaus_Cole@yahoo.com,FEMALE,North Sinai,اروي المنيف - Aroi Alamanif ,1,7,324,846,Regional Tactics Officer - مستشار
62854de0c86e700265518426,35,8/8/1986,El Reyad,Quincy_Lind97@gmail.com,MALE,Kafr El Sheikh,سيد جميل الدنوني - Said Jmail Aldnoni ,2,4,186,736,District Implementation Administrator - متدرب
62854de0c86e700265518427,26,3/23/1996,El Salam City,Gordon.Harber@hotmail.com,FEMALE,Cairo,بلسم الرقيق - Blsam Alruqaiq ,1,6,195,475,Human Data Officer - تنفيذي
62854de0c86e700265518428,35,8/4/1986,El Arbein,Van68@gmail.com,MALE,Suez,علاء الكافي - Alaaa Alkafii ,2,6,344,1260,Lead Data Manager - تنفيذي
62854de0c86e700265518429,39,8/2/1982,Second Tanta,Eugenia_Rice67@yahoo.com,MALE,Gharbia,مازن الزوابي - Mazin Alzwabi ,2,22,2396,3538,International Assurance Director - رئيس مؤسسة
62854de0c86e70026551842a,22,7/12/1999,Kafr Saad,Micheal.Kuhlman8@gmail.com,FEMALE,Damietta,آنسة بلسم القلال - Anisah Blsam Aliqlal ,2,4,171,816,Legacy Directives Director - مساعد
62854de0c86e70026551842b,49,7/6/1972,Eyetay El Barood,Sabina7@hotmail.com,FEMALE,Beheira,بلسم بن عبد الكريم - Blsam Bn Abad Alkariam ,1,5,627,892,Direct Assurance Associate - مبرمج
62854de0c86e70026551842c,30,12/13/1991,Fakous,Nels81@gmail.com,FEMALE,Sharqia,ريم العلاني - Riam Alalaanei ,2,6,1,989,Future Metrics Manager - مبرمج
62854de0c86e70026551842d,54,1/30/1968,Sedy Gaber,Arthur_Mayer@gmail.com,MALE,Alexandria,دكتور غازي نيفر - Dktoar Ghazai Nifar ,4,27,1690,3608,Principal Accountability Designer - إداري
62854de0c86e70026551842e,35,5/3/1987,Mnouf,Alford1@hotmail.com,FEMALE,Monufia,عوضية خنفير - Aodhiah Khnfir ,1,18,2123,2538,Regional Accountability Agent - متدرب
62854de0c86e70026551842f,19,4/24/2003,El Kantara Shark,Myra.Fahey@yahoo.com,FEMALE,Ismailia,عوضية سويس - Aodhiah Saois ,3,12,271,1105,Regional Accountability Designer - مبرمج
62854de0c86e700265518430,51,9/20/1970,Siwa,Mina_Gutkowski@hotmail.com,FEMALE,Matruh,دكتور عنود الرصاع - Dktoar Anod Alrsaa ,2,12,71,1344,Global Security Facilitator - وكيل
62854de0c86e700265518431,19,1/4/2003,Louxor,Stephanie.Kuhic@hotmail.com,FEMALE,Luxor,براءة الدرقاش - Baraaah AldrqIsh ,2,24,1838,3140,Product Operations Consultant - وكيل
62854de0c86e700265518432,43,10/22/1978,Helwan,Alexane74@hotmail.com,FEMALE,Cairo,فاطمه سويس حفظه الله - Fatmuah Saois Hfzah Allah ,3,9,534,1926,Customer Branding Assistant - مستشار
62854de0c86e700265518433,28,8/19/1993,Sallum,Ivy_Harvey@yahoo.com,MALE,Matruh,مجدي المنيف - Mjadi Alamanif ,2,21,1786,3024,Internal Metrics Associate - متدرب
62854de0c86e700265518434,39,12/23/1982,Dar El Salam,Devyn2@gmail.com,MALE,Sohag,جسور الزوابي - Jsaoar Alzwabi ,0,2,148,148,Central Operations Planner - رئيس مؤسسة
62854de0c86e700265518435,45,11/11/1976,Baltim,Michele_Kozey@yahoo.com,MALE,Kafr El Sheikh,أسعد المنيف - Asaad Alamanif ,1,8,394,659,Human Optimization Developer - مدير
62854de0c86e700265518436,38,10/28/1983,Dayrot,Katelin49@gmail.com,MALE,Asyut,ليث عنون المبجل - Laith Anon Alambjl ,1,7,1053,1502,Dynamic Branding Specialist - منسق
62854de0c86e700265518437,47,12/3/1974,El Idwa,Autumn_Pacocha94@gmail.com,MALE,Minya,عزام عطالله - Azam Aatallah ,2,9,122,697,Human Solutions Designer - مبرمج
62854de0c86e700265518438,43,3/29/1979,Abo El Nomros,Emmie_Spinka32@yahoo.com,FEMALE,Giza,ريم النابلي - Riam Alnablai ,2,50,5145,5895,Customer Solutions Manager - رئيس مؤسسة
62854de0c86e700265518439,28,12/6/1993,El Arab,Norene_Wilderman86@gmail.com,MALE,Beni Suef,فرج الدنوني حفظه الله - Farj Aldnoni Hfzah Allah ,2,13,1057,2064,Product Paradigm Associate - مبرمج
62854de0c86e70026551843a,36,2/9/1986,El Laban,Eldred.Bradtke@gmail.com,FEMALE,Alexandria,عوضية القلشاني - Aodhiah Aliqlshanei ,1,9,458,1068,Customer Data Associate - مصمم
62854de0c86e70026551843b,37,1/3/1985,Louxor,Chris27@yahoo.com,MALE,Luxor,حلمي المحجوب - Hlamai Alamahajob ,1,43,3370,3980,Principal Identity Technician - متخصص
62854de0c86e70026551843c,19,7/29/2002,Tanta,Madisyn_Quitzon@gmail.com,MALE,Gharbia,خباب القلال - Khbab Aliqlal ,3,23,1603,3290,Regional Functionality Manager - مدير
62854de0c86e70026551843d,56,5/24/1966,Abou Redis,Chelsey.Jones81@yahoo.com,FEMALE,South Sinai,سيدة براءة عطالله - Saidah Baraaah Aatallah ,2,8,37,1143,District Operations Architect - مشرف
62854de0c86e70026551843e,48,4/2/1974,Biyala,Justice_Schoen@yahoo.com,FEMALE,Kafr El Sheikh,بتول خنفير - Btol Khnfir ,3,9,571,1403,Corporate Division Consultant - مستشار
62854de0c86e70026551843f,42,5/5/1980,Beni Mazar,Keagan_Langworth@hotmail.com,MALE,Minya,دريد زقية المحترم - Drid Zqaiah Alamuhtrm ,0,2,148,148,Human Implementation Consultant - منتج
62854de0c86e700265518440,54,10/27/1967,Etsa,Aaron12@gmail.com,FEMALE,Faiyum,بروفيسور براءة النخلي - Brofisaoar Baraaah Alnkhalai ,1,6,126,384,Product Data Producer - مبرمج
62854de0c86e700265518441,26,9/10/1995,El Tor,Trevor.Ullrich@gmail.com,MALE,South Sinai,أمان العلاني - Aman Alalaanei ,1,4,23,512,Senior Intranet Orchestrator - متدرب
62854de0c86e700265518442,17,1/22/2005,Port Fuad,Camryn56@gmail.com,FEMALE,Port Said,عنود الرقيق - Anod Alruqaiq ,1,32,4861,5405,Future Applications Coordinator - رئيس مؤسسة
62854de0c86e700265518443,50,5/18/1972,Helwan,Anna95@gmail.com,MALE,Cairo,أنيس الشيباني - Aneis Alshibanei ,1,4,300,548,Regional Optimization Planner - رئيس مؤسسة
62854de0c86e700265518444,30,6/30/1992,Ashmoun,Zachariah.Ferry86@gmail.com,FEMALE,Monufia,عنود القلشاني - Anod Aliqlshanei ,1,1,9,212,Customer Tactics Coordinator - مهندس
62854de0c86e700265518445,35,4/24/1987,Sherbeen,Salma.Johns60@gmail.com,MALE,Dakahlia,شادي الدرقاش - Shadi AldrqIsh ,1,21,3345,3610,Future Group Engineer - مشرف
62854de0c86e700265518446,36,3/12/1986,Essna,Isai55@yahoo.com,FEMALE,Luxor,نوف نيفر - Nof Nifar ,2,13,329,1336,Human Assurance Specialist - مستشار
62854de0c86e700265518447,43,7/18/1978,Farshut,Lexus.Denesik46@hotmail.com,MALE,Qena,حليم الع لويني - Halaiam Ala Loini ,3,13,744,1809,Future Branding Designer - متخصص
62854de0c86e700265518448,21,10/18/2000,Mersa Matruh,Karen28@yahoo.com,FEMALE,Matruh,ريم بن عثمان - Riam Bn Athman ,1,8,507,728,Central Accounts Supervisor - متدرب
62854de0c86e700265518449,21,1/20/2001,Osiem,Queenie26@gmail.com,FEMALE,Giza,بلسم الدرقاش - Blsam AldrqIsh ,2,9,79,649,Customer Creative Director - مهندس
62854de0c86e70026551844a,56,1/6/1966,Essna,Estefania0@hotmail.com,FEMALE,Luxor,فاطمه بن عمر - Fatmuah Bn Omar ,2,37,4550,5125,Central Solutions Specialist - مشرف
62854de0c86e70026551844b,15,8/5/2006,Sallum,John.Monahan32@gmail.com,MALE,Matruh,فراس عاشور المحترم - Faras AIshoar Alamuhtrm ,1,4,67,625,Principal Infrastructure Architect - مصمم
62854de0c86e70026551844c,42,9/5/1979,Ashmoun,Augusta.Kertzmann@yahoo.com,FEMALE,Monufia,بتول بن عبد السلام - Btol Bn Abad Alsalam ,1,6,668,1320,Principal Group Strategist - متدرب
62854de0c86e70026551844d,27,1/9/1995,Marsa Alam,Annabell_Bechtelar17@hotmail.com,MALE,Red Sea,أشرف الرصاع - Ashraf Alrsaa ,2,12,465,1298,Central Metrics Associate - مبرمج
62854de0c86e70026551844e,35,6/23/1987,El Khasos,Frederique_Schuster85@hotmail.com,FEMALE,Qalyubia,اروي الدنوني - Aroi Aldnoni ,1,4,31,296,Regional Communications Analyst - محلل
62854de0c86e70026551844f,27,4/7/1995,Saqultah,Cornell90@gmail.com,MALE,Sohag,أليف شقرون - Alaif Shquron ,2,12,1056,1890,Corporate Integration Director - مصمم
62854de0c86e700265518450,24,5/1/1998,Nag Hammadi,Heidi33@yahoo.com,FEMALE,Qena,عنود الدرقاش - Anod AldrqIsh ,0,1,137,137,National Web Liaison - مصمم
62854de0c86e700265518451,15,12/5/2006,Mnouf,Jody_Parker89@gmail.com,MALE,Monufia,شفيق بن عبد السلام - Shfiq Bn Abad Alsalam ,1,2,29,305,Regional Division Specialist - مستشار
62854de0c86e700265518452,48,9/24/1973,Tamya,Libbie94@hotmail.com,MALE,Faiyum,نجيب النفطي - Najib Alnftai ,1,2,209,424,Lead Research Officer - مدير
62854de0c86e700265518453,27,4/7/1995,Qasr El Nil,Nedra72@hotmail.com,FEMALE,Cairo,بتول المولدي - Btol Alamoldi ,2,12,1000,1645,District Operations Designer - منسق
62854de0c86e700265518454,34,9/30/1987,Yousof El Sedek,Jena.Franecki@hotmail.com,FEMALE,Faiyum,آنسة فاطمه المدقي - Anisah Fatmuah Alamdqai ,1,7,815,1083,Internal Applications Designer - تنفيذي
62854de0c86e700265518455,24,11/1/1997,El Arbein,Jordy93@gmail.com,FEMALE,Suez,عنود نيفر - Anod Nifar ,1,9,637,902,Direct Metrics Developer - محلل
62854de0c86e700265518456,37,3/17/1985,Mersa Matruh,Cletus86@hotmail.com,MALE,Matruh,بسام بن عبد الكريم - Bsam Bn Abad Alkariam ,0,1,85,85,Future Directives Administrator - إداري
62854de0c86e700265518457,41,12/18/1980,Ismailliaa,Maxie86@yahoo.com,MALE,Ismailia,سليم النقاش - Sulaiam AlnqIsh ,2,19,1908,2755,Chief Tactics Strategist - مشرف
62854de0c86e700265518458,29,8/24/1992,El Quosia,Cheyanne80@gmail.com,FEMALE,Asyut,ريم شنيق - Riam Shniq ,4,22,2827,4342,Internal Group Director - مخطط
62854de0c86e700265518459,39,2/21/1983,Fakous,Watson94@gmail.com,FEMALE,Sharqia,اروي العواني - Aroi Alawanei ,3,15,449,2418,Corporate Data Analyst - مستشار
62854de0c86e70026551845a,39,8/30/1982,Siwa,Zella_Marquardt58@hotmail.com,MALE,Matruh,دكتور مروان البشيري - Dktoar Marawan Albshiri ,1,4,17,348,Corporate Research Planner - تقني
62854de0c86e70026551845b,37,3/22/1985,Basyon,Jessika_Pacocha@yahoo.com,MALE,Gharbia,نوري السقاط - Noari Alsqat ,1,23,2856,3059,Global Data Manager - مبرمج
62854de0c86e70026551845c,19,1/23/2003,Attaka,Watson_Leannon@yahoo.com,FEMALE,Suez,بلسم هذيل المبجل - Blsam Hthil Alambjl ,1,12,1039,1733,Dynamic Assurance Assistant - مهندس
62854de0c86e70026551845d,48,6/10/1974,Bir Al Abd,Fannie_Veum30@yahoo.com,FEMALE,North Sinai,براءة بن حسين - Baraaah Bn Hussain ,2,14,640,1782,Investor Creative Analyst - تنفيذي
62854de0c86e70026551845e,27,11/26/1994,Tama El Amdeed,Tristin.Weber@yahoo.com,MALE,Dakahlia,رائد سويس - Raad Saois ,2,8,145,764,Forward Marketing Strategist - مهندس
62854de0c86e70026551845f,37,12/24/1984,10th Ramadan,Anahi_Volkman@hotmail.com,MALE,Sharqia,عرفات القلشاني الموقر - Arafat Aliqlshanei Alamoqur ,2,19,1277,2432,District Solutions Planner - مستشار
62854de0c86e700265518460,26,2/5/1996,Ras Gharib,Jesse15@yahoo.com,MALE,Red Sea,كمال يافع - Kamal Yafa ,1,8,385,665,Corporate Metrics Director - مستشار
62854de0c86e700265518461,37,4/4/1985,Damnhour,Jerrod_Dare7@gmail.com,MALE,Beheira,رجب شنيق - Rajab Shniq ,1,4,48,296,Chief Paradigm Specialist - منتج
62854de0c86e700265518462,28,1/11/1994,Sudfa,Tobin_Vandervort31@gmail.com,FEMALE,Asyut,نوف الرقيق - Nof Alruqaiq ,1,11,699,1351,Investor Functionality Architect - متدرب
62854de0c86e700265518463,56,4/6/1966,Damietta District,Kurtis.Brekke57@yahoo.com,FEMALE,Damietta,نوف بوهاها الموقر - Nof Bohaha Alamoqur ,1,3,105,381,Product Accountability Executive - مساعد
62854de0c86e700265518464,52,2/23/1970,Rashed,Rozella_Fay@yahoo.com,FEMALE,Beheira,سيد بتول الشريف - Said Btol Alshrif ,1,2,87,416,Corporate Web Planner - وكيل
62854de0c86e700265518465,27,5/1/1995,Haram,Stella.Schmitt86@yahoo.com,FEMALE,Giza,عنود العنابي - Anod Alanabi ,1,9,297,963,Future Marketing Facilitator - مشرف
62854de0c86e700265518466,40,5/14/1982,El Gomrok,Alexa5@hotmail.com,FEMALE,Alexandria,ريم السقاط - Riam Alsqat ,1,11,826,1094,Dynamic Factors Analyst - مساعد
62854de0c86e700265518467,22,5/11/2000,Marsa Alam,Albin_Mueller28@gmail.com,MALE,Red Sea,رابح الأشراف - Rabh Alashraf ,1,9,423,1063,Internal Accounts Officer - مستشار
62854de0c86e700265518468,30,7/4/1991,Attaka,Stanton54@yahoo.com,MALE,Suez,سيد عطا الأشراف - Said Aata Alashraf ,4,10,671,2198,Investor Integration Facilitator - مستشار
62854de0c86e700265518469,37,12/28/1984,Mohandseen,Danielle_Huel85@hotmail.com,FEMALE,Giza,نوف تومي - Nof Tomai ,1,11,1170,1810,Product Mobility Assistant - مصمم
62854de0c86e70026551846a,34,4/3/1988,Menia El Naser,Maurice11@yahoo.com,FEMALE,Dakahlia,عنود الرقيق - Anod Alruqaiq ,1,4,62,620,Future Tactics Supervisor - تنفيذي
62854de0c86e70026551846b,39,5/21/1983,Biba,Myrna66@yahoo.com,MALE,Beni Suef,حاجب الدنوني المحترم - Hajab Aldnoni Alamuhtrm ,4,22,2042,3388,District Creative Architect - مهندس
62854de0c86e70026551846c,42,7/16/1979,Armant,Stefan.Lemke@yahoo.com,MALE,Luxor,عرفان الشريف - Arafan Alshrif ,1,6,20,662,Product Metrics Orchestrator - مبرمج
62854de0c86e70026551846d,49,11/10/1972,El Hamool,Greg20@hotmail.com,FEMALE,Kafr El Sheikh,سيدة فاطمه غويلة - Saidah Fatmuah Ghoilah ,1,4,30,295,Investor Mobility Designer - متخصص
62854de0c86e70026551846e,20,9/29/2001,El Laban,Alfonzo.Schuppe@hotmail.com,MALE,Alexandria,زيدون العواني - Zaidon Alawanei ,1,8,162,853,Dynamic Implementation Coordinator - منسق
62854de0c86e70026551846f,22,9/24/1999,Abshway,Allene_Tillman@gmail.com,FEMALE,Faiyum,عوضية بنسلامة - Aodhiah Bnisalamah ,1,7,413,910,Dynamic Security Associate - مخطط
62854de0c86e700265518470,16,10/3/2005,Mnouf,Alysha.Gleason@hotmail.com,FEMALE,Monufia,ريم النقاش - Riam AlnqIsh ,1,6,511,1033,Customer Branding Engineer - منسق
62854de0c86e700265518471,50,1/29/1972,Armant,Thea_Treutel3@hotmail.com,FEMALE,Luxor,عنود النخلي - Anod Alnkhalai ,2,7,71,716,Dynamic Solutions Executive - مهندس
62854de0c86e700265518472,17,4/21/2005,Snoras,Maximillian.Hilpert5@yahoo.com,FEMALE,Faiyum,فاطمه النجار - Fatmuah Alnajar ,1,2,29,548,Global Applications Architect - مساعد
62854de0c86e700265518473,28,5/29/1994,Naaser,Eino10@yahoo.com,FEMALE,Aswan,اروي الكراي - Aroi Alkarai ,2,18,1867,2512,Corporate Web Executive - منتج
62854de0c86e700265518474,50,7/24/1971,Sedy Gaber,Sylvia18@hotmail.com,FEMALE,Alexandria,فاطمه الشتيوي - Fatmuah Alshtioi ,2,8,1301,2008,Customer Usability Specialist - مبرمج
62854de0c86e700265518475,22,9/5/1999,Ashmoun,Anabelle.Kshlerin@gmail.com,FEMALE,Monufia,سيد براءة الوحيشي - Said Baraaah Alohaishi ,2,9,4,920,Senior Group Consultant - مهندس
62854de0c86e700265518476,26,10/21/1995,Maghagha,Alba.Blick@hotmail.com,FEMALE,Minya,براءة جابالله - Baraaah Jaballah ,1,6,389,915,Product Marketing Planner - محلل
62854de0c86e700265518477,34,11/11/1987,Benha,Elizabeth.Sawayn@hotmail.com,MALE,Qalyubia,حميد الشتيوي - Hamaid Alshtioi ,2,30,3565,4803,Direct Program Engineer - منتج
62854de0c86e700265518478,14,12/9/2007,Hurgada,Sam8@gmail.com,FEMALE,Red Sea,نوف زروق - Nof Zroq ,3,29,698,2090,Chief Applications Analyst - محلل
62854de0c86e700265518479,25,7/14/1996,Armant,Quinten10@yahoo.com,MALE,Luxor,آنسة أسامة بنسلامة - Anisah Asamah Bnisalamah ,1,30,2906,3488,Investor Communications Representative - مبرمج
62854de0c86e70026551847a,31,7/21/1990,Shuhada,Madelynn_Gleichner@gmail.com,FEMALE,Monufia,آنسة اروي الوحيشي - Anisah Aroi Alohaishi ,1,4,180,872,Investor Metrics Architect - رئيس مؤسسة
62854de0c86e70026551847b,56,4/29/1966,Ras Gharib,Houston_Jakubowski68@gmail.com,FEMALE,Red Sea,خلود جابالله - Khalod Jaballah ,1,7,1332,1664,Direct Configuration Designer - مشرف
62854de0c86e70026551847c,48,10/21/1973,Armant,Virginie_Kiehn@gmail.com,FEMALE,Luxor,عوضية القلال - Aodhiah Aliqlal ,1,3,415,636,Global Tactics Consultant - وكيل
62854de0c86e70026551847d,42,9/5/1979,Wadi El Natron,Angie85@yahoo.com,MALE,Beheira,نوفل العلاني - Nofl Alalaanei ,1,4,37,512,International Paradigm Agent - مشرف
62854de0c86e70026551847e,36,2/15/1986,El Fashn,Gust_Casper@gmail.com,FEMALE,Beni Suef,ريم همدان المبجل - Riam Hmdan Alambjl ,2,7,16,1133,Dynamic Program Manager - مدير
62854de0c86e70026551847f,52,1/9/1970,First Zakazek,Bernadette.Abshire@yahoo.com,FEMALE,Sharqia,عوضية الكافي المبجل - Aodhiah Alkafii Alambjl ,2,5,125,695,Human Applications Technician - تنفيذي
62854de0c86e700265518480,51,5/3/1971,El Mahala El Koubra,Rachel57@yahoo.com,FEMALE,Gharbia,عنود بوهاها المبجل - Anod Bohaha Alambjl ,1,10,1077,1280,Global Applications Executive - مستشار
62854de0c86e700265518481,29,7/20/1992,Menaa El Kamh,Earline.Kuhic@gmail.com,MALE,Sharqia,سيدة لبيب النقاش - Saidah Lbib AlnqIsh ,2,10,1159,1734,Central Branding Agent - رئيس مؤسسة
62854de0c86e700265518482,38,12/28/1983,Maadi,Garrison.Dickens87@hotmail.com,MALE,Cairo,آنسة يافع همدان - Anisah Yafa Hmdan ,1,21,2534,3144,Human Intranet Director - مدير
62854de0c86e700265518483,38,7/18/1983,El Manakh,Jennings_Doyle@yahoo.com,MALE,Port Said,كامل بن عبدالله - Kaml Bn Abadallah ,2,21,2465,3298,Human Marketing Director - مدير
62854de0c86e700265518484,26,5/23/1996,El Manakh,Krystina24@yahoo.com,FEMALE,Port Said,بتول فقوسة - Btol Faqosah ,1,7,262,956,Product Quality Producer - متخصص
62854de0c86e700265518485,19,1/17/2003,Essna,Providenci.Gutkowski@yahoo.com,FEMALE,Luxor,فاطمه شقرون - Fatmuah Shquron ,3,9,244,1464,Product Integration Assistant - تنفيذي
62854de0c86e700265518486,30,2/13/1992,Shubra El Kheima,Cecelia81@hotmail.com,FEMALE,Qalyubia,عنود السقا المحترم - Anod Alsqa Alamuhtrm ,2,5,121,933,Corporate Research Technician - رئيس مؤسسة
62854de0c86e700265518487,49,7/14/1972,El Maragha,Helga_Dickinson0@hotmail.com,FEMALE,Sohag,سيد فاطمه بوديبة - Said Fatmuah Bodibah ,1,10,824,1518,Central Applications Planner - إداري
62854de0c86e700265518488,48,8/27/1973,Daraw,Trenton21@hotmail.com,MALE,Aswan,بندر الشتيوي - Bnadr Alshtioi ,1,4,160,388,Dynamic Interactions Representative - متخصص
62854de0c86e700265518489,52,7/15/1969,Shibin El Qanater,Leon_Mayert@hotmail.com,FEMALE,Qalyubia,عنود النفير المحترم - Anod Alnfir Alamuhtrm ,1,7,458,802,Principal Operations Consultant - متدرب
62854de0c86e70026551848a,24,11/5/1997,Siwa,Ines.Metz@yahoo.com,MALE,Matruh,عرفات لخشين - Arafat Lkhshin ,1,3,129,357,Lead Optimization Facilitator - مبرمج
62854de0c86e70026551848b,44,12/8/1977,Atfeh,Kimberly.Kuhn@gmail.com,FEMALE,Giza,عوضية الع لويني - Aodhiah Ala Loini ,1,5,148,374,Lead Identity Analyst - مصمم
62854de0c86e70026551848c,34,1/22/1988,Abshway,Mariah2@yahoo.com,MALE,Faiyum,سليم سعيد - Sulaiam Saaid ,4,23,780,2300,National Optimization Representative - محلل
62854de0c86e70026551848d,53,9/13/1968,Akhmim,Stella82@gmail.com,MALE,Sohag,وليد بن حمودة - Wlaid Bn Hamodah ,1,17,1897,2312,Dynamic Usability Producer - مساعد
62854de0c86e70026551848e,35,10/8/1986,Shekh Zayed,Elton41@hotmail.com,FEMALE,Giza,خلود العلايمي - Khalod Alalaaiamai ,1,12,765,1316,Dynamic Configuration Coordinator - منسق
62854de0c86e70026551848f,23,4/6/1999,Moharam Biek,Johan.Wilkinson@yahoo.com,MALE,Alexandria,محرز بن عاشور - Muharz Bn AIshoar ,3,18,1357,2894,Direct Data Analyst - مساعد
62854de0c86e700265518490,42,9/3/1979,Fayed,Axel_Gleichner46@yahoo.com,FEMALE,Ismailia,فاطمه الغربي - Fatmuah Alghrabi ,1,5,376,684,Senior Quality Architect - محلل
62854de0c86e700265518491,22,6/19/2000,Nag Hammadi,Nicolette_Hermiston@gmail.com,MALE,Qena,مهيب تومي - Muhib Tomai ,1,3,25,654,Customer Implementation Orchestrator - مساعد
62854de0c86e700265518492,33,5/29/1989,Qusier,Dejuan_Blanda@hotmail.com,FEMALE,Red Sea,نوف الدرقاش - Nof AldrqIsh ,2,6,90,895,Investor Infrastructure Officer - مخطط
62854de0c86e700265518493,19,11/16/2002,Damietta District,Heather.Greenfelder52@hotmail.com,MALE,Damietta,مهدي العلايمي - Muhadi Alalaaiamai ,2,8,170,974,Lead Marketing Technician - مخطط
62854de0c86e700265518494,26,1/22/1996,Rafah,Prudence.Kuphal@yahoo.com,MALE,North Sinai,دكتور أحمد الشتيوي - Dktoar Ahamd Alshtioi ,2,16,1491,2224,Dynamic Quality Developer - مهندس
62854de0c86e700265518495,46,2/15/1976,Bani Suef,Leann.Gorczany13@yahoo.com,FEMALE,Beni Suef,آنسة خلود عنون - Anisah Khalod Anon ,2,7,402,1235,Dynamic Accountability Manager - تقني
62854de0c86e700265518496,25,7/30/1996,Second El Mahala El Koubra,Vergie_Lehner@gmail.com,FEMALE,Gharbia,فاطمه جابالله - Fatmuah Jaballah ,1,3,68,312,Internal Functionality Engineer - إداري
62854de0c86e700265518497,18,3/31/2004,El Attareen,Philip.Prohaska@yahoo.com,MALE,Alexandria,عثمان الشريف - Athman Alshrif ,1,33,5727,6054,Principal Web Technician - مصمم
62854de0c86e700265518498,17,9/6/2004,Tamya,Daphney25@yahoo.com,MALE,Faiyum,صهيب لخشين - Suhib Lkhshin ,2,9,385,1414,Future Creative Coordinator - منسق
62854de0c86e700265518499,39,5/23/1983,Daraw,Lilla.Schroeder14@yahoo.com,MALE,Aswan,شكيب زقية - Shkib Zqaiah ,3,24,1719,2997,Direct Security Strategist - مخطط
62854de0c86e70026551849a,41,12/24/1980,El Kareen,Fern.Koss18@hotmail.com,FEMALE,Sharqia,عنود ادريس - Anod Idris ,2,32,4214,5577,District Data Producer - مصمم
62854de0c86e70026551849b,34,6/12/1988,El Idwa,Nicola.Gutmann@gmail.com,FEMALE,Minya,دكتور عوضية نيفر - Dktoar Aodhiah Nifar ,1,7,220,893,Chief Operations Engineer - مشرف
62854de0c86e70026551849c,30,1/14/1992,Hurgada,Wilhelmine.Shields@yahoo.com,MALE,Red Sea,عزيز زقية - Azaiaz Zqaiah ,3,13,269,1295,Regional Integration Producer - محلل
62854de0c86e70026551849d,30,1/30/1992,South Port Said,Earlene.Gutkowski@gmail.com,MALE,Port Said,أمين بن حمودة - Amain Bn Hamodah ,2,27,2760,3902,District Metrics Assistant - مدير
62854de0c86e70026551849e,40,11/19/1981,El Attareen,Carmine.McCullough@gmail.com,FEMALE,Alexandria,سيدة فاطمه جابالله - Saidah Fatmuah Jaballah ,2,13,827,1498,Senior Communications Analyst - متخصص
62854de0c86e70026551849f,15,10/21/2006,6th October,Filomena_Torp@yahoo.com,MALE,Giza,أشرف زروق - Ashraf Zroq ,1,14,1292,1707,Lead Program Specialist - مخطط
62854de0c86e7002655184a0,48,11/8/1973,Saint Catherine,Frida.Kozey@yahoo.com,FEMALE,South Sinai,بلسم المولدي - Blsam Alamoldi ,2,9,188,1538,Global Paradigm Architect - مصمم
62854de0c86e7002655184a1,24,12/2/1997,El Kareen,Paolo.Mante@gmail.com,FEMALE,Sharqia,خلود الرقيق - Khalod Alruqaiq ,1,10,1347,1796,Lead Marketing Producer - مشرف
62854de0c86e7002655184a2,14,7/22/2007,El Gamalia,Alden_Marks@hotmail.com,FEMALE,Cairo,دكتور بلسم تومي - Dktoar Blsam Tomai ,3,17,986,2578,Global Operations Technician - مصمم
62854de0c86e7002655184a3,22,9/17/1999,El Waqf,Dustin_Will25@hotmail.com,FEMALE,Qena,ريم النقاش - Riam AlnqIsh ,1,4,95,420,Chief Program Facilitator - تنفيذي
62854de0c86e7002655184a4,15,6/19/2007,Rafah,Shanny74@gmail.com,MALE,North Sinai,عطا الحمامي - Aata Alhamamai ,2,9,1157,1805,Dynamic Interactions Technician - مساعد
62854de0c86e7002655184a5,56,6/7/1966,Abbasia,Hermina_Stoltenberg83@yahoo.com,MALE,Cairo,أيمن العنابي - Aiamun Alanabi ,2,10,457,1445,Chief Markets Developer - متخصص
62854de0c86e7002655184a6,43,5/10/1979,Bir Al Abd,Gwendolyn.Grant@yahoo.com,MALE,North Sinai,رامي بن عبدالله - Rami Bn Abadallah ,4,13,1181,2676,Chief Assurance Officer - مستشار
62854de0c86e7002655184a7,50,7/31/1971,Osiem,Deja_Kuhn83@hotmail.com,FEMALE,Giza,عنود العواني - Anod Alawanei ,1,20,2841,3290,Regional Optimization Consultant - مساعد
62854de0c86e7002655184a8,22,11/27/1999,Qusier,Alice.OKeefe21@yahoo.com,FEMALE,Red Sea,عنود الخليفي المحترم - Anod Alkhalaifi Alamuhtrm ,2,11,1455,2030,Central Response Liaison - منتج
62854de0c86e7002655184a9,55,12/22/1966,El Arab,Avery_Schamberger@hotmail.com,FEMALE,Beni Suef,بتول القلال - Btol Aliqlal ,2,11,372,1494,International Solutions Executive - مبرمج
62854de0c86e7002655184aa,22,6/3/2000,Damietta District,Darrion_Cronin@yahoo.com,FEMALE,Damietta,آنسة براءة جاوحدو - Anisah Baraaah Jaohdo ,1,16,1450,1973,International Implementation Strategist - متخصص
62854de0c86e7002655184ab,48,8/1/1973,El Maragha,Cedrick2@gmail.com,FEMALE,Sohag,عنود يافع - Anod Yafa ,2,7,118,1072,Dynamic Web Analyst - محلل
62854de0c86e7002655184ac,50,3/7/1972,Sidi Salem,Lauretta_Gerlach@hotmail.com,MALE,Kafr El Sheikh,ضياء بن عمر - Dhiaa Bn Omar ,1,8,188,840,Chief Tactics Manager - مخطط
62854de0c86e7002655184ad,53,12/27/1968,Tamya,Adelbert22@gmail.com,FEMALE,Faiyum,عنود الغربي - Anod Alghrabi ,3,12,695,2544,Internal Mobility Executive - وكيل
62854de0c86e7002655184ae,37,7/31/1984,Abo Hamad,Reginald.Rath@hotmail.com,MALE,Sharqia,حكيم الشيباني - Hakiam Alshibanei ,1,10,1491,2042,Direct Brand Planner - مهندس
62854de0c86e7002655184af,19,6/5/2003,Al Wasta,Rodrick_Christiansen75@gmail.com,FEMALE,Beni Suef,بتول الحمامي حفظه الله - Btol Alhamamai Hfzah Allah ,0,1,103,103,Lead Accountability Strategist - مبرمج
62854de0c86e7002655184b0,16,9/4/2005,Kafr El Sheikh City,Zane32@yahoo.com,FEMALE,Kafr El Sheikh,بتول بنسلامة - Btol Bnisalamah ,1,5,345,1007,Legacy Interactions Executive - مبرمج
62854de0c86e7002655184b1,56,1/7/1966,Geheinah,Henri_Romaguera77@gmail.com,MALE,Sohag,بروفيسور ظافر العطار - Brofisaoar Zafar Alaatar ,1,8,733,1315,Future Group Developer - مهندس
62854de0c86e7002655184b2,38,9/8/1983,El Arab,Sid.Nolan@gmail.com,MALE,Beni Suef,بركات القلال - Brkat Aliqlal ,0,1,74,74,Direct Metrics Strategist - منسق
62854de0c86e7002655184b3,32,12/9/1989,Akhmim,Lambert_Deckow@yahoo.com,MALE,Sohag,سامر العنابي - Samar Alanabi ,2,7,502,1345,Corporate Operations Manager - مبرمج
62854de0c86e7002655184b4,32,10/9/1989,El Ghanaim,Jaqueline_Bailey24@yahoo.com,FEMALE,Asyut,نوف السقا - Nof Alsqa ,0,1,103,103,Senior Division Technician - مساعد
62854de0c86e7002655184b5,21,4/1/2001,Louxor,Dayton65@yahoo.com,MALE,Luxor,مبروك العنابي - Mbrok Alanabi ,1,3,20,320,Central Factors Supervisor - منسق
62854de0c86e7002655184b6,50,6/7/1972,Naaser,Kali26@gmail.com,FEMALE,Aswan,فاطمه النجار - Fatmuah Alnajar ,3,8,38,1526,Human Data Planner - متدرب
62854de0c86e7002655184b7,49,7/22/1972,Sueiz,Sofia.Feeney@yahoo.com,MALE,Suez,سيدة نزار سعيد - Saidah Nazar Saaid ,0,1,128,128,Corporate Optimization Representative - مهندس
62854de0c86e7002655184b8,23,10/5/1998,El Dawahy,Clinton_Abernathy72@yahoo.com,MALE,Port Said,حبيب القلشاني - Habib Aliqlshanei ,1,58,6514,6779,Future Implementation Representative - متخصص
62854de0c86e7002655184b9,27,3/29/1995,Sallum,Celestine42@yahoo.com,FEMALE,Matruh,عوضية خنفير - Aodhiah Khnfir ,2,7,463,1170,Dynamic Security Specialist - محلل
62854de0c86e7002655184ba,35,2/22/1987,El Dabaa,Uriel.Spinka11@yahoo.com,MALE,Matruh,سمير الدرقاش - Sameir AldrqIsh ,3,14,865,2834,Product Division Technician - إداري
62854de0c86e7002655184bb,30,2/4/1992,Dekrns,Boyd51@yahoo.com,FEMALE,Dakahlia,عنود بوهاها - Anod Bohaha ,1,9,397,1026,Legacy Communications Supervisor - تقني
62854de0c86e7002655184bc,46,6/28/1976,Second Ismaillia,Mervin_Kiehn88@hotmail.com,FEMALE,Ismailia,ريم بن عبد السلام - Riam Bn Abad Alsalam ,3,21,2479,3871,Customer Program Manager - إداري
62854de0c86e7002655184bd,16,1/7/2006,Al Katamia,Florida_Gutmann@yahoo.com,MALE,Cairo,غازي البشيري - Ghazai Albshiri ,1,7,74,547,Principal Interactions Assistant - متخصص
62854de0c86e7002655184be,26,7/26/1995,Abou Redis,Keeley.Dibbert34@gmail.com,MALE,South Sinai,فراس بن حمودة المبجل - Faras Bn Hamodah Alambjl ,1,10,427,1056,Human Group Executive - متخصص
62854de0c86e7002655184bf,44,10/6/1977,Ras Gharib,Luigi_Koepp@hotmail.com,FEMALE,Red Sea,عوضية البشيري - Aodhiah Albshiri ,1,7,1022,1290,Product Branding Architect - مهندس
62854de0c86e7002655184c0,46,12/2/1975,Sharq,Benedict42@yahoo.com,MALE,Port Said,صقر القلال - Squr Aliqlal ,2,7,167,1155,International Implementation Analyst - متدرب
62854de0c86e7002655184c1,46,9/1/1975,Port Fuad,Kali_Marks@yahoo.com,MALE,Port Said,عاطف جاوحدو - Aatf Jaohdo ,2,7,237,985,Product Communications Manager - متخصص
62854de0c86e7002655184c2,21,11/29/2000,Nuweiba,Bernhard_Halvorson@yahoo.com,FEMALE,South Sinai,فاطمه الصغير حفظه الله - Fatmuah Alsghir Hfzah Allah ,3,24,2218,3724,Human Quality Liaison - مدير
62854de0c86e7002655184c3,42,12/19/1979,Qusier,Geo72@yahoo.com,MALE,Red Sea,شعبان عنون - Shaban Anon ,1,10,744,1076,National Division Designer - مشرف
62854de0c86e7002655184c4,32,11/11/1989,Arish,Brandy22@hotmail.com,FEMALE,North Sinai,بلسم سويس المحترم - Blsam Saois Alamuhtrm ,0,2,174,174,Regional Directives Producer - تقني
62854de0c86e7002655184c5,32,5/19/1990,El Hawamdia,Paolo_Abbott90@gmail.com,MALE,Giza,بليغ الدنوني - Blaigh Aldnoni ,2,14,1103,1908,Corporate Applications Director - متدرب
62854de0c86e7002655184c6,42,7/13/1979,Mallawi,Vicente22@yahoo.com,FEMALE,Minya,بلسم هذيل - Blsam Hthil ,1,9,153,763,Future Metrics Architect - منتج
62854de0c86e7002655184c7,23,11/7/1998,Abo Hamad,Shanel.Reilly20@hotmail.com,FEMALE,Sharqia,دكتور خلود النفير - Dktoar Khalod Alnfir ,1,4,92,388,Global Metrics Facilitator - مشرف
62854de0c86e7002655184c8,14,12/29/2007,Tama El Amdeed,Thurman_Balistreri@hotmail.com,MALE,Dakahlia,راتب الشتيوي - Ratb Alshtioi ,1,12,885,1300,Dynamic Web Director - تقني
62854de0c86e7002655184c9,50,9/22/1971,Nebroa,Oscar_Homenick96@yahoo.com,FEMALE,Dakahlia,سيد فاطمه يافع - Said Fatmuah Yafa ,1,19,1853,2118,Central Research Supervisor - تنفيذي
62854de0c86e7002655184ca,27,5/18/1995,Abshway,Sydni_Hartmann@gmail.com,FEMALE,Faiyum,نوف النفطي - Nof Alnftai ,1,4,181,512,Senior Response Designer - مستشار
62854de0c86e7002655184cb,55,7/1/1967,El Dawahy,Mckenna4@yahoo.com,FEMALE,Port Said,عنود القلشاني - Anod Aliqlshanei ,1,6,554,1104,Human Configuration Assistant - محلل
62854de0c86e7002655184cc,29,6/19/1993,Zefta,Gerhard.Klocko60@hotmail.com,FEMALE,Gharbia,سيدة براءة المنيف - Saidah Baraaah Alamanif ,3,20,753,2318,Investor Operations Liaison - مصمم
62854de0c86e7002655184cd,21,6/28/2001,Second Ismaillia,Bruce.Pfannerstill75@hotmail.com,MALE,Ismailia,مرتضى القلال - Martdha Aliqlal ,1,5,212,597,Customer Program Facilitator - متدرب
62854de0c86e7002655184ce,22,8/12/1999,Ehnasia,Leone67@yahoo.com,FEMALE,Beni Suef,فاطمه الحمامي - Fatmuah Alhamamai ,2,16,1026,2376,Dynamic Quality Strategist - إداري
62854de0c86e7002655184cf,20,6/21/2002,Second Ismaillia,Ignatius63@yahoo.com,MALE,Ismailia,رمضان النجار حفظه الله - Rmdhan Alnajar Hfzah Allah ,1,10,181,854,Dynamic Web Agent - مبرمج
62854de0c86e7002655184d0,45,10/25/1976,Abu Tesht,Mona.Marquardt56@yahoo.com,FEMALE,Qena,ريم بن عثمان - Riam Bn Athman ,3,12,109,1859,Lead Division Specialist - رئيس مؤسسة
62854de0c86e7002655184d1,31,12/12/1990,Ismailliaa,Denis.Marvin@yahoo.com,MALE,Ismailia,بدر سعيد - Badr Saaid ,2,6,268,1102,Direct Intranet Officer - متدرب
62854de0c86e7002655184d2,47,5/4/1975,Maghagha,Alejandra.Marvin@yahoo.com,FEMALE,Minya,بتول جاوحدو - Btol Jaohdo ,0,2,164,164,Dynamic Integration Manager - رئيس مؤسسة
62854de0c86e7002655184d3,35,4/20/1987,Naqada,Carlos_Bayer79@gmail.com,MALE,Qena,زيدون الكراي - Zaidon Alkarai ,1,2,116,424,Chief Division Orchestrator - مخطط
62854de0c86e7002655184d4,41,9/1/1980,Ras Sedr,Giovanni65@gmail.com,MALE,South Sinai,أحمد زروق الموقر - Ahamd Zroq Alamoqur ,2,16,999,1833,Human Branding Associate - مخطط
62854de0c86e7002655184d5,17,1/5/2005,Basyon,Tamara10@yahoo.com,MALE,Gharbia,مهيب المولدي الموقر - Muhib Alamoldi Alamoqur ,1,5,483,808,Central Solutions Engineer - مصمم
62854de0c86e7002655184d6,17,10/12/2004,Tahta,Jeramy.Lesch@gmail.com,MALE,Sohag,شريف شقرون - Shrif Shquron ,2,10,616,1946,Internal Web Engineer - متدرب
62854de0c86e7002655184d7,55,4/20/1967,Attaka,Tomas_Dach@hotmail.com,MALE,Suez,نزيه سويس - Nazaiah Saois ,1,30,5426,6066,Global Metrics Orchestrator - مبرمج
62854de0c86e7002655184d8,55,9/2/1966,El Zohour,Delia_Orn1@yahoo.com,MALE,Port Said,بدر زقية - Badr Zqaiah ,1,11,712,1098,Senior Identity Representative - تقني
62854de0c86e7002655184d9,20,10/12/2001,Safaga,Lelia.Crona@gmail.com,MALE,Red Sea,بلال بنسلامة - Bilal Bnisalamah ,4,11,48,1568,Investor Applications Technician - مصمم
62854de0c86e7002655184da,24,3/30/1998,Heha,Fabiola7@yahoo.com,FEMALE,Sharqia,بلسم الخليفي - Blsam Alkhalaifi ,1,6,382,1071,Regional Security Executive - مشرف
62854de0c86e7002655184db,24,5/22/1998,Abou Qirqas,Kobe_Osinski81@gmail.com,MALE,Minya,سيد قيس المدقي - Said Qais Alamdqai ,1,5,615,1137,Dynamic Assurance Coordinator - متدرب
62854de0c86e7002655184dc,41,9/25/1980,Mersa Matruh,Estrella45@hotmail.com,MALE,Matruh,أمان النقاش - Aman AlnqIsh ,1,16,1722,2108,National Metrics Engineer - متخصص
62854de0c86e7002655184dd,19,9/10/2002,Fayed,Liliana_Trantow@yahoo.com,FEMALE,Ismailia,عوضية عنون - Aodhiah Anon ,2,13,176,1183,Forward Creative Associate - مستشار
62854de0c86e7002655184de,49,9/30/1972,Sahel Selim,Michele55@hotmail.com,MALE,Asyut,حلمي الزوابي - Hlamai Alzwabi ,1,7,796,1157,Principal Interactions Consultant - مشرف
62854de0c86e7002655184df,52,11/28/1969,El Hawamdia,Jacinto_West86@hotmail.com,MALE,Giza,مصطفى الع لويني - Mustfa Ala Loini ,1,34,4710,5054,Future Optimization Supervisor - منسق
62854de0c86e7002655184e0,16,7/19/2005,Heha,Raymond9@gmail.com,MALE,Sharqia,رنيم ادريس المحترم - Rniam Idris Alamuhtrm ,1,3,133,381,Investor Identity Representative - مهندس
62854de0c86e7002655184e1,32,4/26/1990,Yousof El Sedek,Bart_Bins@hotmail.com,MALE,Faiyum,غانم عاشور - Ghanm AIshoar ,3,12,785,2574,Central Program Executive - رئيس مؤسسة
62854de0c86e7002655184e2,44,1/15/1978,Bir Al Abd,Nona_Gleichner@yahoo.com,FEMALE,North Sinai,براءة العلايمي - Baraaah Alalaaiamai ,1,6,154,764,Lead Tactics Manager - منتج
62854de0c86e7002655184e3,27,9/9/1994,Sidi Barany,Cooper_Farrell0@gmail.com,FEMALE,Matruh,بتول سويس - Btol Saois ,1,14,1750,2332,Regional Infrastructure Orchestrator - مهندس
62854de0c86e7002655184e4,51,11/16/1970,Rafah,Gerry_Blanda14@gmail.com,FEMALE,North Sinai,خلود فقوسة - Khalod Faqosah ,1,14,2768,3016,Principal Marketing Consultant - إداري
62854de0c86e7002655184e5,32,10/9/1989,El Zaher,Sally.Bruen@gmail.com,FEMALE,Cairo,عوضية ادريس - Aodhiah Idris ,1,13,311,931,Forward Operations Consultant - منتج
62854de0c86e7002655184e6,42,3/27/1980,Sallum,Josie.Carroll@hotmail.com,MALE,Matruh,صداح العلايمي - Sadah Alalaaiamai ,3,15,81,1473,Dynamic Paradigm Liaison - مساعد
62854de0c86e7002655184e7,56,4/8/1966,Sudfa,Deshawn64@gmail.com,FEMALE,Asyut,عوضية عنون - Aodhiah Anon ,2,10,311,1318,Principal Configuration Officer - مبرمج
62854de0c86e7002655184e8,51,9/16/1970,Rafah,Mallory_Ryan@hotmail.com,FEMALE,North Sinai,آنسة بلسم البشيري - Anisah Blsam Albshiri ,1,5,574,1224,Product Markets Orchestrator - محلل
62854de0c86e7002655184e9,48,8/17/1973,El Ameria,Marquis.McClure5@hotmail.com,MALE,Alexandria,فوزي الشريف - Fozai Alshrif ,1,3,88,384,Global Web Analyst - تنفيذي
62854de0c86e7002655184ea,44,10/24/1977,El Arbein,Lloyd34@gmail.com,FEMALE,Suez,بلسم الحجيج - Blsam Alhajij ,0,1,127,127,National Program Developer - محلل
62854de0c86e7002655184eb,31,12/9/1990,Dishna,Asa_Fadel@yahoo.com,MALE,Qena,خيري ادريس - Khairi Idris ,4,14,1230,3148,International Creative Producer - مدير
62854de0c86e7002655184ec,23,9/6/1998,Port Fuad,Evert_Feil62@yahoo.com,MALE,Port Said,سريج ادريس - Srij Idris ,1,8,168,808,Regional Creative Officer - تقني
62854de0c86e7002655184ed,53,9/14/1968,Sharm El Sheikh,Curt.Schaden5@gmail.com,MALE,South Sinai,شهاب الصفار - Shahab Alsafar ,2,9,485,1848,Central Metrics Consultant - مصمم
62854de0c86e7002655184ee,44,12/20/1977,Bani Abied,Jeromy.Frami71@hotmail.com,MALE,Dakahlia,نزار بن حسين - Nazar Bn Hussain ,1,6,386,780,Direct Accountability Technician - تنفيذي
62854de0c86e7002655184ef,15,2/25/2007,El Khanka,Trevor72@yahoo.com,FEMALE,Qalyubia,براءة الدرقاش - Baraaah AldrqIsh ,2,15,890,1878,Investor Security Orchestrator - مشرف
62854de0c86e7002655184f0,16,3/5/2006,Kafr Saker,Porter.Quitzon89@yahoo.com,FEMALE,Sharqia,نوف الكافي - Nof Alkafii ,1,6,242,768,Dynamic Response Engineer - متدرب
62854de0c86e7002655184f1,41,8/30/1980,Hasna,Nadia_Franey@hotmail.com,FEMALE,North Sinai,سيدة بتول بن عثمان - Saidah Btol Bn Athman ,3,8,23,1456,Lead Solutions Coordinator - مستشار
62854de0c86e7002655184f2,51,4/17/1971,Port Fuad,Mozelle74@yahoo.com,FEMALE,Port Said,ريم الكافي - Riam Alkafii ,1,20,2087,2716,Legacy Identity Orchestrator - محلل
62854de0c86e7002655184f3,15,1/20/2007,Faraskour,Hassie.Boyer@yahoo.com,MALE,Damietta,معاذ يافع - Muaath Yafa ,4,17,773,2293,Senior Assurance Assistant - تقني
62854de0c86e7002655184f4,43,8/21/1978,Faisal,Donny_Runte16@yahoo.com,FEMALE,Giza,عنود النخلي - Anod Alnkhalai ,3,32,4595,6028,Senior Directives Officer - تقني
62854de0c86e7002655184f5,17,5/13/2005,Etsa,Rosalind.Auer48@hotmail.com,FEMALE,Faiyum,خلود بوديبة - Khalod Bodibah ,2,9,595,1428,National Markets Specialist - مشرف
62854de0c86e7002655184f6,41,10/29/1980,Rafah,Rachelle.Bode@hotmail.com,FEMALE,North Sinai,خلود النفطي - Khalod Alnftai ,1,6,304,886,Lead Optimization Designer - وكيل
62854de0c86e7002655184f7,27,6/14/1995,Abo Kebier,Margarette_Boyer@gmail.com,MALE,Sharqia,كرم بوديبة - Karm Bodibah ,1,6,94,468,Human Assurance Strategist - مشرف
62854de0c86e7002655184f8,54,1/13/1968,Tama El Amdeed,Fred_Renner62@yahoo.com,FEMALE,Dakahlia,ريم الرصاع - Riam Alrsaa ,1,6,212,822,International Markets Agent - مصمم
62854de0c86e7002655184f9,49,4/11/1973,Kafr Saker,Helene_Auer67@yahoo.com,MALE,Sharqia,نسيم غويلة - Nisaiam Ghoilah ,2,28,2847,4165,Regional Marketing Strategist - محلل
62854de0c86e7002655184fa,54,8/22/1967,Shibin El Qanater,Regan.Kub@gmail.com,MALE,Qalyubia,نعمان الشريف - Namman Alshrif ,1,7,585,1258,Principal Brand Coordinator - مخطط
62854de0c86e7002655184fb,23,2/25/1999,Sueiz,Vergie.Stiedemann93@gmail.com,MALE,Suez,سيد سرحان الأشراف - Said Srahan Alashraf ,3,10,535,1876,International Factors Director - مستشار
62854de0c86e7002655184fc,49,3/15/1973,Matai,Josie14@yahoo.com,MALE,Minya,مرزوق سعيد - Marzoq Saaid ,1,1,3,251,Direct Brand Specialist - منتج
62854de0c86e7002655184fd,37,11/6/1984,Louxor,Judson_Olson@gmail.com,FEMALE,Luxor,اروي العواني - Aroi Alawanei ,1,3,110,384,Regional Configuration Engineer - منتج
62854de0c86e7002655184fe,33,4/10/1989,Mersa Matruh,Elissa51@gmail.com,MALE,Matruh,منعم زروق - Munam Zroq ,1,4,119,342,Central Integration Manager - مشرف
62854de0c86e7002655184ff,51,12/31/1970,Abo El Nomros,Joany.Gulgowski70@yahoo.com,FEMALE,Giza,بتول العواني - Btol Alawanei ,1,6,328,948,Senior Interactions Technician - مشرف
62854de0c86e700265518500,45,7/22/1976,6th October,Maximus87@gmail.com,MALE,Giza,ناجح الدنوني - Najh Aldnoni ,0,1,127,127,Internal Interactions Producer - تنفيذي
62854de0c86e700265518501,51,9/6/1970,El Minshah,Ernest_OHara@hotmail.com,FEMALE,Sohag,بتول زقية - Btol Zqaiah ,1,3,577,822,Corporate Research Director - مخطط
62854de0c86e700265518502,25,10/27/1996,Siwa,Kayden.Robel60@yahoo.com,MALE,Matruh,فواز بن حمودة الموقر - Fwaz Bn Hamodah Alamoqur ,2,12,689,1644,Principal Optimization Agent - رئيس مؤسسة
62854de0c86e700265518503,38,12/5/1983,El Dawahy,Mateo.Erdman@hotmail.com,MALE,Port Said,حارث جابالله - Harth Jaballah ,2,8,341,1012,Product Quality Supervisor - متدرب
62854de0c86e700265518504,47,7/27/1974,Siwa,Immanuel_Hermann50@hotmail.com,MALE,Matruh,برهان زروق - Brhan Zroq ,1,6,65,640,Dynamic Marketing Manager - مبرمج
62854de0c86e700265518505,40,10/23/1981,Samasta,Angel_Dach@hotmail.com,FEMALE,Beni Suef,بلسم عنون حفظه الله - Blsam Anon Hfzah Allah ,3,17,622,2159,Corporate Optimization Producer - إداري
62854de0c86e700265518506,54,2/9/1968,El Badrashen,Osbaldo_Bruen91@yahoo.com,MALE,Giza,إيهاب بن عثمان - Iihab Bn Athman ,1,2,212,440,Future Identity Coordinator - مدير
62854de0c86e700265518507,28,8/15/1993,Dayrot,Nayeli_Kub@yahoo.com,FEMALE,Asyut,بروفيسور بلسم ادريس - Brofisaoar Blsam Idris ,1,12,1253,1614,National Research Manager - منسق
62854de0c86e700265518508,37,9/21/1984,Essna,Walker76@yahoo.com,FEMALE,Luxor,بتول الأشراف - Btol Alashraf ,4,20,169,1880,National Group Agent - مدير
62854de0c86e700265518509,40,2/26/1982,Kafr El Zayat,Tina.Mohr@yahoo.com,FEMALE,Gharbia,اروي زقية - Aroi Zqaiah ,1,4,132,476,Dynamic Accountability Analyst - متخصص
62854de0c86e70026551850a,22,8/21/1999,El Mtaria,Verner45@hotmail.com,FEMALE,Dakahlia,عنود بن عثمان - Anod Bn Athman ,1,5,52,384,Chief Intranet Producer - متخصص
62854de0c86e70026551850b,22,3/12/2000,Saqultah,Wyman39@hotmail.com,MALE,Sohag,مقداد السقا الموقر - Muqadad Alsqa Alamoqur ,2,6,118,693,Customer Interactions Coordinator - مخطط
62854de0c86e70026551850c,44,9/17/1977,Edfo,Christopher.Littel@hotmail.com,MALE,Aswan,شعبان الكراي - Shaban Alkarai ,1,18,1253,1474,Investor Solutions Manager - مشرف
62854de0c86e70026551850d,45,6/17/1977,Essna,Madison33@hotmail.com,FEMALE,Luxor,براءة جاوحدو الموقر - Baraaah Jaohdo Alamoqur ,1,2,0,206,Central Paradigm Executive - متخصص
62854de0c86e70026551850e,41,4/26/1981,Kafr El Zayat,Friedrich.Labadie55@hotmail.com,FEMALE,Gharbia,بلسم زقية - Blsam Zqaiah ,1,8,675,1061,Lead Communications Orchestrator - منسق
62854de0c86e70026551850f,39,8/17/1982,Shubra El Kheima,Karelle_Russel@yahoo.com,FEMALE,Qalyubia,نوف زقية - Nof Zqaiah ,1,3,114,384,Human Functionality Assistant - منسق
62854de0c86e700265518510,46,10/25/1975,Borg El Arab,Stefan_Runolfsdottir@gmail.com,FEMALE,Alexandria,فاطمه لخشين - Fatmuah Lkhshin ,3,14,1499,2704,Chief Group Analyst - مهندس
62854de0c86e700265518511,45,1/22/1977,El Ghanaim,Willow.Gaylord92@hotmail.com,FEMALE,Asyut,خلود بن عثمان - Khalod Bn Athman ,4,16,7,1700,Corporate Web Developer - تقني
62854de0c86e700265518512,19,3/25/2003,Yousof El Sedek,Juwan48@yahoo.com,FEMALE,Faiyum,بلسم سعيد - Blsam Saaid ,1,11,1066,1398,Customer Interactions Coordinator - محلل
62854de0c86e700265518513,23,3/20/1999,Maghagha,Peggie26@yahoo.com,MALE,Minya,شمس الدين السقاط - Shams Aldin Alsqat ,1,6,539,1062,Regional Intranet Executive - تقني
62854de0c86e700265518514,53,7/16/1968,Meet Saleel,Tate26@gmail.com,FEMALE,Dakahlia,عوضية الحجيج - Aodhiah Alhajij ,1,5,98,659,District Optimization Agent - منسق
62854de0c86e700265518515,43,10/20/1978,Asswan,Steve_Rosenbaum93@hotmail.com,FEMALE,Aswan,عنود الطويل - Anod Altoil ,4,35,6627,8320,Senior Directives Liaison - مصمم
62854de0c86e700265518516,21,1/5/2001,Sedy Beshr,Haven36@hotmail.com,MALE,Alexandria,خليل الزوابي - Khalail Alzwabi ,1,13,1467,2018,Regional Intranet Coordinator - منتج
62854de0c86e700265518517,23,8/17/1998,Meet Ghamer,Kaylee55@hotmail.com,MALE,Dakahlia,غفار العلايمي - Ghufar Alalaaiamai ,1,4,37,270,Central Web Administrator - منتج
62854de0c86e700265518518,19,12/6/2002,Fayed,Marlee_Rau77@hotmail.com,MALE,Ismailia,آنسة خلدون الكراي - Anisah Khaldon Alkarai ,1,2,132,440,Regional Communications Executive - مستشار
62854de0c86e700265518519,16,7/12/2005,El Arbein,Stanton_DuBuque58@gmail.com,FEMALE,Suez,عنود بن حسين - Anod Bn Hussain ,2,4,50,880,Dynamic Division Planner - مخطط
62854de0c86e70026551851a,54,6/18/1968,Fakous,Sonia.Hickle53@yahoo.com,MALE,Sharqia,خباب العلايمي - Khbab Alalaaiamai ,1,8,44,673,Chief Metrics Specialist - مدير
62854de0c86e70026551851b,25,2/4/1997,Zefta,Trinity.Osinski@gmail.com,MALE,Gharbia,منتصر خنفير - Muntsar Khnfir ,3,25,1905,3470,Dynamic Infrastructure Associate - تقني
62854de0c86e70026551851c,43,11/7/1978,Fuwwah,Bernadine80@yahoo.com,MALE,Kafr El Sheikh,دكتور صدقي بن عبد الكريم - Dktoar Sadqai Bn Abad Alkariam ,2,35,3133,4239,Internal Quality Strategist - مدير
62854de0c86e70026551851d,55,5/20/1967,Desouk,Trey.Kilback38@yahoo.com,FEMALE,Kafr El Sheikh,خلود زروق حفظه الله - Khalod Zroq Hfzah Allah ,1,8,673,941,Product Accounts Engineer - متدرب
62854de0c86e70026551851e,40,1/20/1982,Second Zakazek,Granville79@yahoo.com,FEMALE,Sharqia,عنود القلشاني - Anod Aliqlshanei ,1,6,183,388,Investor Implementation Designer - رئيس مؤسسة
62854de0c86e70026551851f,31,10/16/1990,Nag Hammadi,Louvenia_Wunsch44@hotmail.com,FEMALE,Qena,فاطمه القلال - Fatmuah Aliqlal ,2,15,996,1984,Internal Accountability Producer - تنفيذي
62854de0c86e700265518520,21,11/30/2000,Akhmim,Danika.Funk94@hotmail.com,MALE,Sohag,أمان جابالله - Aman Jaballah ,1,34,4845,5066,Dynamic Interactions Analyst - مستشار
62854de0c86e700265518521,43,9/17/1978,Second El Mahala El Koubra,Elroy41@hotmail.com,MALE,Gharbia,أسعد النخلي - Asaad Alnkhalai ,2,3,43,636,Dynamic Tactics Executive - محلل
62854de0c86e700265518522,27,8/6/1994,El Zohour,Sherman.Watsica@yahoo.com,FEMALE,Port Said,نوف بن عمر - Nof Bn Omar ,1,4,16,264,Product Paradigm Orchestrator - تقني
62854de0c86e700265518523,24,10/8/1997,El Ramel,Rashad40@hotmail.com,MALE,Alexandria,رنيم هذيل - Rniam Hthil ,1,2,171,502,Global Markets Analyst - مساعد
62854de0c86e700265518524,24,7/25/1997,El Sayeda Zeinab,Estel88@gmail.com,MALE,Cairo,حفيظ عطالله - Hfiz Aatallah ,2,13,518,1473,Principal Division Coordinator - منسق
62854de0c86e700265518525,46,12/22/1975,Louxor,Lonzo.Bashirian@yahoo.com,MALE,Luxor,منير الغربي - Manir Alghrabi ,1,12,2147,2512,Regional Creative Analyst - متخصص
62854de0c86e700265518526,24,5/13/1998,Tala,Kennith88@gmail.com,MALE,Monufia,دكتور معين عطالله - Dktoar Muain Aatallah ,2,6,143,1028,Human Operations Orchestrator - مستشار
62854de0c86e700265518527,38,10/7/1983,Beni Mazar,Nya.Schuster@yahoo.com,MALE,Minya,عباس زقية - Abas Zqaiah ,1,6,273,758,Direct Optimization Facilitator - مدير
62854de0c86e700265518528,36,1/18/1986,El Sharabia,Cortney_McGlynn@yahoo.com,MALE,Cairo,حليم فقوسة - Halaiam Faqosah ,1,4,4,348,Global Research Consultant - محلل
62854de0c86e700265518529,26,4/30/1996,El Zarqa,Herminia40@gmail.com,MALE,Damietta,مروان الطويل - Marawan Altoil ,1,3,2,246,Internal Factors Technician - مدير
62854de0c86e70026551852a,35,6/4/1987,Ismailliaa,Lillie.Schmidt@gmail.com,MALE,Ismailia,جعفر زقية - Jafar Zqaiah ,1,1,12,220,Principal Usability Facilitator - متدرب
62854de0c86e70026551852b,51,1/14/1971,El Ameria,Hollis.Heidenreich56@hotmail.com,MALE,Alexandria,سيدة سفيان غويلة - Saidah Sufian Ghoilah ,1,3,527,753,Global Directives Orchestrator - مصمم
62854de0c86e70026551852c,38,6/27/1984,Osiem,Alvena.Denesik@gmail.com,FEMALE,Giza,فاطمه العواني - Fatmuah Alawanei ,2,5,45,638,Product Accounts Technician - مستشار
62854de0c86e70026551852d,47,1/2/1975,Kom Embo,Cooper.Marvin@hotmail.com,MALE,Aswan,جمعة نيفر - Jmuaah Nifar ,2,12,803,1536,Dynamic Interactions Architect - مشرف
62854de0c86e70026551852e,46,7/2/1976,El Tal El Kbier,Jakob.McGlynn52@gmail.com,MALE,Ismailia,حاتم العلاني - Hatim Alalaanei ,1,3,134,382,Dynamic Metrics Agent - محلل
62854de0c86e70026551852f,19,1/27/2003,El Sayeda Zeinab,Eden_Gottlieb35@hotmail.com,FEMALE,Cairo,نوف فقوسة - Nof Faqosah ,1,23,3907,4251,Customer Metrics Consultant - مشرف
62854de0c86e700265518530,28,6/5/1994,Siwa,Alivia_Zulauf@yahoo.com,FEMALE,Matruh,فاطمه همدان - Fatmuah Hmdan ,3,17,962,2135,District Communications Coordinator - متدرب
62854de0c86e700265518531,37,4/13/1985,Edko,Kailyn_Auer17@hotmail.com,MALE,Beheira,سلامة الشتيوي - Salamah Alshtioi ,2,16,1964,2952,Senior Intranet Manager - متدرب
62854de0c86e700265518532,53,5/16/1969,Yousof El Sedek,Hobart91@yahoo.com,FEMALE,Faiyum,بلسم بن عمر - Blsam Bn Omar ,1,20,3053,3418,Forward Brand Developer - منتج
62854de0c86e700265518533,29,8/6/1992,Asswan,Edyth25@hotmail.com,FEMALE,Aswan,بروفيسور عنود بودوارة - Brofisaoar Anod Bodwarah ,3,10,200,1592,Customer Directives Planner - مدير
62854de0c86e700265518534,52,12/24/1969,Attaka,Lupe.Kohler56@gmail.com,MALE,Suez,رشيد النفطي - Rshid Alnftai ,3,29,1416,2849,Direct Group Technician - إداري
62854de0c86e700265518535,50,7/26/1971,El Santa,Bobbie_Tillman@hotmail.com,FEMALE,Gharbia,خلود بودوارة - Khalod Bodwarah ,1,3,143,375,Dynamic Mobility Orchestrator - مبرمج
62854de0c86e700265518536,30,8/10/1991,El Manakh,Westley_Welch@hotmail.com,FEMALE,Port Said,فاطمه الكراي - Fatmuah Alkarai ,1,4,87,476,Forward Tactics Designer - مخطط
62854de0c86e700265518537,39,6/15/1983,Bani Suef,Ismael_Hyatt@gmail.com,MALE,Beni Suef,بركات خنفير المحترم - Brkat Khnfir Alamuhtrm ,1,6,717,1137,Lead Optimization Executive - مدير
62854de0c86e700265518538,49,9/26/1972,Qena District,Michele.Koelpin@gmail.com,MALE,Qena,توفيق النجار - Tofiq Alnajar ,4,27,410,2601,Legacy Communications Administrator - وكيل
62854de0c86e700265518539,46,5/24/1976,El Salam City,Santa_Franey91@gmail.com,MALE,Cairo,مجيد بن حمودة - Majid Bn Hamodah ,4,46,3990,5896,Central Research Officer - مصمم
62854de0c86e70026551853a,42,3/13/1980,Siwa,Baron_Grant@yahoo.com,FEMALE,Matruh,عنود بن عاشور - Anod Bn AIshoar ,1,14,2646,3340,Regional Brand Coordinator - منتج
62854de0c86e70026551853b,27,6/25/1995,Damietta District,Gabrielle.Hettinger35@gmail.com,FEMALE,Damietta,عنود العلاني - Anod Alalaanei ,2,17,2212,3318,Investor Communications Specialist - منسق
62854de0c86e70026551853c,51,10/1/1970,El Maragha,Lester60@hotmail.com,FEMALE,Sohag,بتول بن حسين - Btol Bn Hussain ,2,33,2783,3358,Senior Usability Orchestrator - إداري
62854de0c86e70026551853d,55,2/27/1967,Embaba,Willy.Kunde@hotmail.com,MALE,Giza,نجيب السقا - Najib Alsqa ,2,36,5785,7087,Lead Interactions Specialist - منتج
62854de0c86e70026551853e,45,12/6/1976,Qus,Elroy40@yahoo.com,FEMALE,Qena,بتول همدان حفظه الله - Btol Hmdan Hfzah Allah ,3,11,151,1459,Senior Program Liaison - مشرف
62854de0c86e70026551853f,22,8/21/1999,Bani Abied,Chad_Lehner@gmail.com,FEMALE,Dakahlia,خلود الصغير - Khalod Alsghir ,1,6,540,920,Global Interactions Analyst - منتج
62854de0c86e700265518540,31,9/13/1990,Sadat City,Abigale85@gmail.com,FEMALE,Monufia,عوضية الكافي - Aodhiah Alkafii ,0,1,137,137,Direct Mobility Consultant - إداري
62854de0c86e700265518541,25,12/30/1996,El Dabaa,Marlen_Wehner97@yahoo.com,FEMALE,Matruh,خلود بن عبد السلام - Khalod Bn Abad Alsalam ,1,21,1857,2222,Product Marketing Representative - منسق
62854de0c86e700265518542,34,11/19/1987,Nuweiba,Cyrus_Stokes56@hotmail.com,MALE,South Sinai,بليغ فقوسة - Blaigh Faqosah ,1,3,258,673,Dynamic Division Coordinator - تقني
62854de0c86e700265518543,16,11/17/2005,Sheikh Zuweid,Maggie12@gmail.com,MALE,North Sinai,سليم بن عبدالله - Sulaiam Bn Abadallah ,1,11,473,1029,International Metrics Director - تنفيذي
62854de0c86e700265518544,54,3/9/1968,Wahat Baharia,Lizzie.Fahey@yahoo.com,MALE,Giza,سراج الخليفي - Sraj Alkhalaifi ,2,4,139,872,Global Integration Facilitator - مدير
62854de0c86e700265518545,22,6/15/2000,Sheikh Zuweid,Delfina.Grant20@gmail.com,MALE,North Sinai,رفيق خنفير - Rafiq Khnfir ,1,15,1586,1918,Chief Response Planner - تقني
62854de0c86e700265518546,25,5/14/1997,El Arbein,Reymundo_Rowe3@hotmail.com,FEMALE,Suez,اروي المولدي - Aroi Alamoldi ,1,11,697,1220,Chief Intranet Coordinator - مصمم
62854de0c86e700265518547,42,10/12/1979,Ras El Bar,Ian_Considine26@gmail.com,FEMALE,Damietta,دكتور اروي بن عمر - Dktoar Aroi Bn Omar ,2,8,438,1145,Regional Configuration Consultant - مشرف
62854de0c86e700265518548,46,4/27/1976,El Manshia,Lottie1@gmail.com,MALE,Alexandria,فضيل بن عاشور الموقر - Fadhil Bn AIshoar Alamoqur ,4,18,1337,3048,Legacy Assurance Specialist - متخصص
62854de0c86e700265518549,50,8/10/1971,Kafr Saad,Mark8@hotmail.com,FEMALE,Damietta,براءة الشيباني - Baraaah Alshibanei ,1,20,4509,4712,Dynamic Branding Supervisor - إداري
62854de0c86e70026551854a,29,8/7/1992,El Dawahy,Rosario_Renner81@gmail.com,FEMALE,Port Said,نوف المدقي - Nof Alamdqai ,2,36,4779,6017,Investor Operations Specialist - مستشار
62854de0c86e70026551854b,17,1/21/2005,El Badary,Cleta_Raynor@hotmail.com,MALE,Asyut,كرم همدان المحترم - Karm Hmdan Alamuhtrm ,1,2,34,274,Central Functionality Specialist - مهندس
62854de0c86e70026551854c,16,11/9/2005,Sueiz,Myriam.Romaguera39@hotmail.com,FEMALE,Suez,براءة عظومة - Baraaah Azomah ,1,4,143,364,Investor Communications Coordinator - مستشار
62854de0c86e70026551854d,36,7/16/1985,Samasta,Evie_OKon29@yahoo.com,MALE,Beni Suef,أنس بودوارة - Anias Bodwarah ,1,8,430,1096,Customer Research Agent - محلل
62854de0c86e70026551854e,16,7/2/2006,Maghagha,Eliza4@gmail.com,FEMALE,Minya,ريم خنفير - Riam Khnfir ,1,8,262,587,International Paradigm Assistant - وكيل
62854de0c86e70026551854f,33,6/8/1989,Minya District,Wava_Lakin@gmail.com,FEMALE,Minya,بتول الرقيق - Btol Alruqaiq ,1,6,74,766,Forward Applications Associate - مبرمج
62854de0c86e700265518550,46,2/7/1976,El Kantara Gharb,Orin16@gmail.com,MALE,Ismailia,جمعة خنفير - Jmuaah Khnfir ,1,3,8,273,District Usability Officer - مشرف
62854de0c86e700265518551,45,4/25/1977,Kafr Saad,Estefania56@hotmail.com,MALE,Damietta,منيب النابلي الموقر - Manib Alnablai Alamoqur ,1,1,2,274,Product Infrastructure Strategist - مهندس
62854de0c86e700265518552,30,1/14/1992,Kom Embo,Kaden_Mraz7@gmail.com,MALE,Aswan,نوري تومي - Noari Tomai ,1,4,351,678,Dynamic Brand Agent - منتج
62854de0c86e700265518553,37,10/12/1984,Bir Al Abd,Donavon.Hahn30@hotmail.com,FEMALE,North Sinai,براءة زروق - Baraaah Zroq ,2,8,144,894,National Metrics Assistant - مصمم
62854de0c86e700265518554,48,11/10/1973,Nasser,Immanuel.Jenkins63@yahoo.com,FEMALE,Beni Suef,سيدة خلود السقا - Saidah Khalod Alsqa ,0,1,66,66,Product Branding Manager - مشرف
62854de0c86e700265518555,26,3/12/1996,Marg And Ezbet El Nakhl,Greyson.Cummings@gmail.com,MALE,Cairo,سيدة إسلام عنون - Saidah Isalam Anon ,1,4,11,340,Central Branding Manager - مخطط
62854de0c86e700265518556,44,8/7/1977,Second Mansoura,Isobel_Mertz94@hotmail.com,MALE,Dakahlia,أليف همدان - Alaif Hmdan ,3,15,1175,3144,Direct Quality Facilitator - مستشار
62854de0c86e700265518557,34,2/9/1988,Faraskour,Estel_Schumm@hotmail.com,MALE,Damietta,ممدوح الكافي - Mmdoh Alkafii ,1,4,250,498,Dynamic Applications Officer - منسق
62854de0c86e700265518558,33,6/8/1989,Assuiet,Lucas.Keebler@gmail.com,FEMALE,Asyut,عنود العلايمي - Anod Alalaaiamai ,1,6,95,531,Regional Communications Analyst - متدرب
62854de0c86e700265518559,49,3/9/1973,Deir Mawas,Seth.Lubowitz11@gmail.com,MALE,Minya,فوزي بوهاها - Fozai Bohaha ,2,19,1313,2533,Principal Tactics Administrator - رئيس مؤسسة
62854de0c86e70026551855a,28,12/14/1993,Sueiz,Dan_Hodkiewicz@hotmail.com,FEMALE,Suez,فاطمه الرقيق المبجل - Fatmuah Alruqaiq Alambjl ,2,9,93,897,Corporate Mobility Executive - وكيل
62854de0c86e70026551855b,20,5/5/2002,Qena District,Luella_Reilly@hotmail.com,MALE,Qena,أمان الغربي - Aman Alghrabi ,1,2,22,230,Product Identity Assistant - رئيس مؤسسة
62854de0c86e70026551855c,34,8/24/1987,Toukh,Addie.Gerhold88@hotmail.com,MALE,Qalyubia,بشار الدرقاش - Bshar AldrqIsh ,1,2,279,482,Human Mobility Technician - مصمم
62854de0c86e70026551855d,51,6/20/1971,Saint Catherine,Dayana2@yahoo.com,FEMALE,South Sinai,براءة شنيق - Baraaah Shniq ,2,9,138,1255,Future Factors Technician - تقني
62854de0c86e70026551855e,35,12/20/1986,Biba,Juana88@hotmail.com,FEMALE,Beni Suef,براءة الدرقاش - Baraaah AldrqIsh ,0,1,87,87,Dynamic Metrics Strategist - تقني
62854de0c86e70026551855f,24,7/30/1997,El Attareen,Earlene86@yahoo.com,FEMALE,Alexandria,ريم تومي - Riam Tomai ,3,33,3688,5253,Chief Markets Representative - إداري
62854de0c86e700265518560,51,5/22/1971,El Maragha,Roosevelt1@hotmail.com,FEMALE,Sohag,عوضية الأشراف - Aodhiah Alashraf ,1,2,9,408,Legacy Configuration Director - مخطط
62854de0c86e700265518561,55,2/6/1967,Dokki,Issac.Schaden69@yahoo.com,MALE,Giza,حبيب الحمامي - Habib Alhamamai ,2,8,217,852,Legacy Implementation Planner - منتج
