_id,birth_date,district,email,gender,governorate,name,number_of_exchanges,plastic_quantity,points,points_gained,profession
62854e0ac86e7002655185e2,1996-06-07,Qusier,Grover_Volkman69@hotmail.com,FEMALE,Red Sea,اروي بن عبد السلام المحترم - Aroi Bn Abad Alsalam Alamuhtrm ,0,6,0,1205,Central Implementation Consultant - مهندس
62854e0ac86e7002655185e3,2003-02-20,Abo Teag,Laurianne_Toy@yahoo.com,MALE,Asyut,زين الدين الصغير - Zain Aldin Alsghir ,0,12,0,1267,Forward Markets Analyst - مخطط
62854e0ac86e7002655185e4,1968-10-08,Damietta District,Jordi14@yahoo.com,MALE,Damietta,معاذ النفير - Muaath Alnfir ,0,9,0,1672,National Integration Architect - متخصص
62854e0ac86e7002655185e5,1992-07-23,Al Wasta,Audreanne_Schiller67@yahoo.com,MALE,Beni Suef,فائز النخلي - Faaz Alnkhalai ,0,1,0,68,Regional Branding Producer - متدرب
62854e0ac86e7002655185e6,2000-03-07,Ras Gharib,Era.Leffler@gmail.com,FEMALE,Red Sea,خلود الدنوني - Khalod Aldnoni ,0,15,0,2689,Human Creative Specialist - تقني
62854e0ac86e7002655185e7,1985-11-10,Ras El Bar,Elza49@hotmail.com,MALE,Damietta,حسون بن عمر - Hasaon Bn Omar ,0,31,0,3745,Dynamic Interactions Orchestrator - مصمم
62854e0ac86e7002655185e8,1987-11-04,Kormoz,Wava_Walter84@hotmail.com,FEMALE,Alexandria,ريم الزوابي - Riam Alzwabi ,0,10,0,1450,Lead Interactions Manager - منتج
62854e0ac86e7002655185e9,1971-07-07,Sudfa,Crystel.Kris70@yahoo.com,FEMALE,Asyut,اروي بودوارة - Aroi Bodwarah ,0,12,0,1536,Corporate Mobility Officer - محلل
62854e0ac86e7002655185ea,1967-11-23,Sueiz,Erin_Watsica@gmail.com,MALE,Suez,مبروك النخلي - Mbrok Alnkhalai ,0,3,0,198,District Assurance Strategist - مساعد
62854e0ac86e7002655185eb,1981-07-23,Dayrot,Cyril.Breitenberg24@gmail.com,MALE,Asyut,فارس المحجوب - Fars Alamahajob ,0,10,0,1520,Human Implementation Architect - وكيل
62854e0ac86e7002655185ec,2003-09-12,Aga,Erling91@hotmail.com,FEMALE,Dakahlia,خلود الزوابي - Khalod Alzwabi ,0,4,0,630,Dynamic Quality Analyst - مساعد
62854e0ac86e7002655185ed,1995-01-11,El Zarqa,Thea.Schulist@hotmail.com,MALE,Damietta,زاهر يافع حفظه الله - Zahir Yafa Hfzah Allah ,0,8,0,1267,Internal Group Strategist - مستشار
62854e0ac86e7002655185ee,2001-10-07,Port Fuad,Adriana_Mitchell@yahoo.com,FEMALE,Port Said,فاطمه الأشراف - Fatmuah Alashraf ,0,7,0,989,Principal Optimization Agent - مشرف
62854e0ac86e7002655185ef,1968-08-11,Kom Embo,London.Bradtke39@hotmail.com,MALE,Aswan,ناصر الطريقي - Nasar Altriqai ,0,17,0,3160,Investor Configuration Analyst - رئيس مؤسسة
62854e0ac86e7002655185f0,1997-03-21,Mersa Matruh,Laverne.Romaguera98@hotmail.com,MALE,Matruh,دكتور رابح الحمامي - Dktoar Rabh Alhamamai ,0,15,0,2751,Central Security Developer - تقني
62854e0ac86e7002655185f1,1990-11-26,Bir Al Abd,Rubye.Armstrong@yahoo.com,MALE,North Sinai,لبيب القلال - Lbib Aliqlal ,0,12,0,2023,Principal Directives Director - مستشار
62854e0ac86e7002655185f2,1990-02-05,Mutubas,Joey66@hotmail.com,FEMALE,Kafr El Sheikh,بلسم العطار - Blsam Alaatar ,0,16,0,2754,Human Assurance Technician - مساعد
62854e0ac86e7002655185f3,1976-05-03,El Bagour,Leopold_Auer4@yahoo.com,FEMALE,Monufia,دكتور بلسم جابالله - Dktoar Blsam Jaballah ,0,11,0,894,District Creative Developer - منسق
62854e0ac86e7002655185f4,1994-10-22,Shoubra Kheet,Lafayette_Wolf@yahoo.com,MALE,Beheira,جابر عطالله - Jabr Aatallah ,0,1,0,128,Human Usability Executive - مهندس
62854e0ac86e7002655185f5,1995-05-22,El Amiria,Sallie13@yahoo.com,MALE,Cairo,سيد صقر الكافي - Said Squr Alkafii ,0,21,0,2574,Investor Program Supervisor - تقني
62854e0ac86e7002655185f6,1987-08-28,El Delengat,Alexis17@hotmail.com,MALE,Beheira,خيري القلال - Khairi Aliqlal ,0,32,0,5000,Internal Response Manager - مبرمج
62854e0ac86e7002655185f7,1989-04-19,Saff,Darwin_McClure@yahoo.com,MALE,Giza,ظافر السقا - Zafar Alsqa ,0,20,0,2424,Direct Infrastructure Consultant - تنفيذي
62854e0ac86e7002655185f8,2000-02-13,Abou Qirqas,Randi23@gmail.com,FEMALE,Minya,اروي العلايمي - Aroi Alalaaiamai ,0,5,0,821,Direct Creative Executive - مخطط
62854e0ac86e7002655185f9,1970-08-30,Misr El Qadima,Chaya37@gmail.com,MALE,Cairo,شادي بن عمر - Shadi Bn Omar ,0,10,0,1457,Chief Interactions Strategist - متدرب
62854e0ac86e7002655185fa,1989-10-28,Hurgada,Eldora_Turner@yahoo.com,FEMALE,Red Sea,بلسم الرقيق - Blsam Alruqaiq ,0,18,0,2723,National Group Producer - مدير
62854e0ac86e7002655185fb,2005-08-02,Bolak El Dakror,Angelina65@hotmail.com,MALE,Giza,أمان الوحيشي - Aman Alohaishi ,0,4,0,680,Chief Group Orchestrator - وكيل
62854e0ac86e7002655185fc,1966-07-05,El Hamool,Darwin98@hotmail.com,MALE,Kafr El Sheikh,غازي جابالله الموقر - Ghazai Jaballah Alamoqur ,0,19,0,2986,Corporate Implementation Assistant - مستشار
62854e0ac86e7002655185fd,1993-10-23,Nekhel,Camden.Crooks96@gmail.com,MALE,North Sinai,رضا بن عبد الكريم - Radha Bn Abad Alkariam ,0,5,0,1084,Internal Brand Producer - مبرمج
62854e0ac86e7002655185fe,1987-02-12,Siwa,Destiney_Armstrong@gmail.com,MALE,Matruh,دكتور راشد زقية - Dktoar RIshd Zqaiah ,0,16,0,1642,National Functionality Technician - مستشار
62854e0ac86e7002655185ff,1994-06-18,Armant,Aryanna_Pfeffer@yahoo.com,MALE,Luxor,ناصف الصغير المبجل - Nasaf Alsghir Alambjl ,0,2,0,164,Regional Usability Analyst - تقني
62854e0ac86e700265518600,1972-06-13,El Khasos,Nicola86@hotmail.com,MALE,Qalyubia,سامي سويس - Samai Saois ,0,7,0,1175,Central Security Architect - محلل
62854e0ac86e700265518601,2003-05-20,Second Ismaillia,Ivory.Schroeder68@hotmail.com,MALE,Ismailia,آنسة سامح الكراي - Anisah Samuh Alkarai ,0,33,0,5816,Lead Response Executive - مهندس
62854e0ac86e700265518602,1971-09-18,Shubra El Kheima,Angelina_Beahan22@gmail.com,MALE,Qalyubia,شوقي الدنوني - Shoqai Aldnoni ,0,33,0,6105,Global Accountability Consultant - منتج
62854e0ac86e700265518603,1984-06-01,Abou Qirqas,Alisha_Bins29@yahoo.com,FEMALE,Minya,بلسم زقية - Blsam Zqaiah ,0,2,0,274,Forward Operations Consultant - متدرب
62854e0ac86e700265518604,2000-12-13,El Shourok City,Katarina_Sauer@gmail.com,MALE,Cairo,شفيع يافع الموقر - Shfia Yafa Alamoqur ,0,1,0,128,Lead Quality Representative - متدرب
62854e0ac86e700265518605,1973-04-23,Etsa,Timothy.Pfannerstill@yahoo.com,MALE,Faiyum,سيد وليد عاشور - Said Wlaid AIshoar ,0,38,0,6544,Global Configuration Manager - رئيس مؤسسة
62854e0ac86e700265518606,1993-03-01,Biba,Jamison.Schmitt20@gmail.com,MALE,Beni Suef,برهان الدرقاش - Brhan AldrqIsh ,0,2,0,182,Principal Intranet Engineer - إداري
62854e0ac86e700265518607,2003-06-18,El Kantara Shark,Ernest_Stamm36@gmail.com,MALE,Ismailia,محفوظ الرقيق - Mahfoz Alruqaiq ,0,8,0,1126,Investor Optimization Designer - مصمم
62854e0ac86e700265518608,1998-06-15,Minya District,Kristy84@yahoo.com,MALE,Minya,رياض النابلي المبجل - Raiadh Alnablai Alambjl ,0,8,0,1284,National Security Liaison - متخصص
62854e0ac86e700265518609,1983-09-13,El Attareen,Celia_Wiegand28@gmail.com,MALE,Alexandria,رضوان النابلي - Radhwan Alnablai ,0,11,0,1296,Senior Quality Liaison - مصمم
62854e0ac86e70026551860a,1999-07-14,Desouk,Adonis.Smitham53@yahoo.com,MALE,Kafr El Sheikh,أحمد الشتيوي - Ahamd Alshtioi ,0,27,0,4704,Regional Applications Associate - مهندس
62854e0ac86e70026551860b,1968-02-29,Damnhour,Ramon_Bayer@gmail.com,MALE,Beheira,راشد بوديبة - RIshd Bodibah ,0,12,0,768,Senior Infrastructure Engineer - متخصص
62854e0ac86e70026551860c,1975-05-23,Essna,Daphney.Towne64@gmail.com,FEMALE,Luxor,بلسم الشتيوي - Blsam Alshtioi ,0,24,0,4312,Central Tactics Consultant - مخطط
62854e0ac86e70026551860d,1966-04-28,Marsa Alam,Zula46@yahoo.com,MALE,Red Sea,ناصر الصفار - Nasar Alsafar ,0,8,0,1005,Customer Configuration Analyst - مساعد
62854e0ac86e70026551860e,2002-05-15,Mersa Matruh,August.Ullrich77@hotmail.com,FEMALE,Matruh,بلسم القلال - Blsam Aliqlal ,0,5,0,679,Corporate Factors Coordinator - مبرمج
62854e0ac86e70026551860f,1982-06-11,Qusier,Loy_White30@yahoo.com,MALE,Red Sea,نهاد الدرقاش - Nuhad AldrqIsh ,0,25,0,2470,Investor Implementation Facilitator - تقني
62854e0ac86e700265518610,2004-09-25,Meet Ghamer,Fletcher.Champlin@yahoo.com,MALE,Dakahlia,مستعين الصفار - Mstain Alsafar ,0,8,0,1384,Corporate Operations Strategist - مخطط
62854e0ac86e700265518611,1992-11-23,El Manzala,Kristin_Bosco12@hotmail.com,MALE,Dakahlia,سريج النقاش - Srij AlnqIsh ,0,6,0,776,Senior Quality Facilitator - متدرب
62854e0ac86e700265518612,1997-12-23,Etsa,Brenda57@yahoo.com,MALE,Faiyum,سفيان لخشين المبجل - Sufian Lkhshin Alambjl ,0,4,0,272,Future Security Assistant - تقني
62854e0ac86e700265518613,1971-08-28,Louxor,Aliyah.Stark@hotmail.com,FEMALE,Luxor,فاطمه الغربي - Fatmuah Alghrabi ,0,6,0,585,Corporate Usability Coordinator - مهندس
62854e0ac86e700265518614,1999-05-24,Sharq,Lance_Bahringer@gmail.com,MALE,Port Said,عدنان بن عمر - Adnan Bn Omar ,0,7,0,896,Corporate Branding Consultant - مساعد
62854e0ac86e700265518615,1967-10-02,Kerdasa,Evans_Sauer34@yahoo.com,MALE,Giza,ليث الزوابي - Laith Alzwabi ,0,8,0,1358,Lead Implementation Executive - رئيس مؤسسة
62854e0ac86e700265518616,1997-12-04,Heha,Christophe_Maggio@yahoo.com,FEMALE,Sharqia,نوف زروق - Nof Zroq ,0,6,0,820,Internal Group Supervisor - رئيس مؤسسة
62854e0ac86e700265518617,2005-11-04,Sharm El Sheikh,Justen75@yahoo.com,MALE,South Sinai,وجدي همدان - Wjadi Hmdan ,0,8,0,1136,Senior Mobility Strategist - مبرمج
62854e0ac86e700265518618,1967-09-18,Assuiet,Annie69@gmail.com,FEMALE,Asyut,عنود العنابي - Anod Alanabi ,0,4,0,848,International Applications Developer - وكيل
62854e0ac86e700265518619,1979-04-14,Meet Saleel,Ulices.Fahey77@hotmail.com,MALE,Dakahlia,بشار الرصاع - Bshar Alrsaa ,0,14,0,1539,Regional Solutions Orchestrator - وكيل
62854e0ac86e70026551861a,2000-12-24,Baltim,Cleve28@gmail.com,MALE,Kafr El Sheikh,أمين الكراي - Amain Alkarai ,0,12,0,2147,Forward Assurance Engineer - مهندس
62854e0ac86e70026551861b,1999-10-24,Port Fuad,Arlie.Rice@hotmail.com,FEMALE,Port Said,سيد خلود الوحيشي - Said Khalod Alohaishi ,0,4,0,625,District Factors Representative - مستشار
62854e0ac86e70026551861c,2003-12-30,Aga,Alfredo.Schiller@yahoo.com,MALE,Dakahlia,مجاهد السقا المبجل - Mjahad Alsqa Alambjl ,0,3,0,753,Principal Program Coordinator - تقني
62854e0ac86e70026551861d,1989-01-01,Abou Zaabal,Lia.Franecki76@yahoo.com,FEMALE,Qalyubia,ريم همدان - Riam Hmdan ,0,3,0,222,District Web Producer - مخطط
62854e0ac86e70026551861e,1990-07-10,Louxor,Stuart_Zulauf@yahoo.com,MALE,Luxor,جميل بن حمودة - Jmail Bn Hamodah ,0,1,0,74,Principal Integration Coordinator - مشرف
62854e0ac86e70026551861f,2006-06-25,Biba,Lilian_Rutherford@gmail.com,MALE,Beni Suef,آنسة عدلي جاوحدو - Anisah Adlai Jaohdo ,0,6,0,999,Forward Security Liaison - متخصص
62854e0ac86e700265518620,1995-07-16,Second Ismaillia,Fausto.Rath97@hotmail.com,MALE,Ismailia,سعيد الدنوني - Saaid Aldnoni ,0,54,0,8134,Lead Paradigm Assistant - متدرب
62854e0ac86e700265518621,2004-02-23,Al Wasta,Beth.Konopelski36@hotmail.com,MALE,Beni Suef,المقداد تومي - Alamuqadad Tomai ,0,15,0,3270,District Implementation Facilitator - مدير
62854e0ac86e700265518622,1996-09-22,Abo Hamad,Katherine.Kshlerin@hotmail.com,FEMALE,Sharqia,دكتور ريم بن عبد الكريم - Dktoar Riam Bn Abad Alkariam ,0,11,0,1466,Senior Accountability Director - منتج
62854e0ac86e700265518623,1995-12-26,Damietta District,Gladyce_Batz@gmail.com,FEMALE,Damietta,عنود القلال - Anod Aliqlal ,0,1,0,127,Human Quality Manager - متدرب
62854e0ac86e700265518624,2006-02-21,Ras Gharib,Charley49@yahoo.com,MALE,Red Sea,سليم غويلة - Sulaiam Ghoilah ,0,11,0,2149,Direct Solutions Manager - محلل
62854e0ac86e700265518625,1978-12-31,Nasser,Lenora_Lind74@hotmail.com,MALE,Beni Suef,قيس شقرون حفظه الله - Qais Shquron Hfzah Allah ,0,17,0,2784,Regional Integration Facilitator - وكيل
62854e0ac86e700265518626,1969-02-08,Dokki,Luciano.Bayer75@gmail.com,MALE,Giza,زين الدين المولدي - Zain Aldin Alamoldi ,0,8,0,824,Future Web Developer - مهندس
62854e0ac86e700265518627,2002-09-28,El Hamam,Nellie58@yahoo.com,FEMALE,Matruh,ريم المحجوب - Riam Alamahajob ,0,15,0,1836,Direct Operations Producer - رئيس مؤسسة
62854e0ac86e700265518628,1985-04-12,Ras Gharib,Rosina.DAmore85@gmail.com,MALE,Red Sea,بلبل الشيباني المحترم - Blbl Alshibanei Alamuhtrm ,0,60,0,7236,Legacy Implementation Consultant - محلل
62854e0ac86e700265518629,1984-09-22,Ismailliaa,Deondre.Ward61@gmail.com,MALE,Ismailia,حسن بنسلامة - Hassan Bnisalamah ,0,20,0,2981,Regional Applications Assistant - تنفيذي
62854e0ac86e70026551862a,1995-02-16,Port Fuad,Enos36@gmail.com,FEMALE,Port Said,آنسة اروي العواني - Anisah Aroi Alawanei ,0,2,0,170,Global Branding Assistant - مصمم
62854e0ac86e70026551862b,2006-05-17,Armant,Brycen_Herzog87@gmail.com,MALE,Luxor,مجدي العنابي - Mjadi Alanabi ,0,3,0,681,Senior Brand Developer - مساعد
62854e0ac86e70026551862c,1989-05-06,Embaba,Virgil53@hotmail.com,FEMALE,Giza,عنود عطالله حفظه الله - Anod Aatallah Hfzah Allah ,0,1,0,82,Principal Security Liaison - رئيس مؤسسة
62854e0ac86e70026551862d,2007-05-28,El Qanater El Khayreya,Scotty61@yahoo.com,MALE,Qalyubia,ليث جابالله المبجل - Laith Jaballah Alambjl ,0,5,0,555,Investor Division Administrator - مصمم
62854e0ac86e70026551862e,1974-10-17,Essna,Makenzie15@hotmail.com,MALE,Luxor,عزمي جراد - Azmai Jrad ,0,4,0,375,Chief Research Engineer - متخصص
62854e0ac86e70026551862f,1969-04-05,El Badary,Leonora.Waters53@hotmail.com,FEMALE,Asyut,نوف الطويل - Nof Altoil ,0,4,0,272,Regional Accounts Agent - مستشار
62854e0ac86e700265518630,1972-12-28,Nasser,Kathryne_Jones@gmail.com,FEMALE,Beni Suef,بتول بن عمر - Btol Bn Omar ,0,3,0,242,Corporate Metrics Technician - محلل
62854e0ac86e700265518631,1968-12-07,Biyala,Al59@gmail.com,MALE,Kafr El Sheikh,محفوظ جراد - Mahfoz Jrad ,0,4,0,328,Direct Data Architect - مصمم
62854e0ac86e700265518632,1994-02-06,Armant,Nya_Toy6@yahoo.com,MALE,Luxor,نادر شقرون - Nadr Shquron ,0,9,0,659,Chief Paradigm Developer - مساعد
62854e0ac86e700265518633,1971-10-02,El Ibrahimia,Heather_Fadel9@gmail.com,MALE,Sharqia,شاكر السقاط - Shakar Alsqat ,0,11,0,1740,Direct Intranet Executive - تنفيذي
62854e0ac86e700265518634,1975-10-11,Marsa Alam,Emie.Bosco21@hotmail.com,MALE,Red Sea,رمزي شقرون - Rmzai Shquron ,0,4,0,816,Product Identity Consultant - منتج
62854e0ac86e700265518635,1996-11-22,Ras El Bar,Clint.Lockman@gmail.com,MALE,Damietta,زين الدين القلال - Zain Aldin Aliqlal ,0,2,0,202,Corporate Identity Manager - إداري
62854e0ac86e700265518636,2001-09-03,Abou Zaabal,Camylle.Skiles@hotmail.com,MALE,Qalyubia,عفيف بوديبة الموقر - Afief Bodibah Alamoqur ,0,16,0,1898,Direct Factors Supervisor - مشرف
62854e0ac86e700265518637,1995-05-05,Al Wasta,Filomena.Rau92@gmail.com,FEMALE,Beni Suef,بروفيسور بتول بن حسين - Brofisaoar Btol Bn Hussain ,0,7,0,1065,Corporate Configuration Facilitator - منسق
62854e0ac86e700265518638,1972-03-13,Marsa Alam,Syble.Nicolas58@gmail.com,MALE,Red Sea,ماجد غويلة - Majad Ghoilah ,0,2,0,408,Regional Optimization Administrator - تنفيذي
62854e0ac86e700265518639,1976-03-01,Samasta,Jared85@gmail.com,MALE,Beni Suef,مطيع الدرقاش - Mtaia AldrqIsh ,0,13,0,2485,Chief Quality Assistant - مشرف
62854e0ac86e70026551863a,1968-12-29,El Hamam,Corine99@hotmail.com,FEMALE,Matruh,اروي عظومة - Aroi Azomah ,0,4,0,572,Dynamic Interactions Associate - متخصص
62854e0ac86e70026551863b,1994-03-18,Kerdasa,Vladimir.Ward@hotmail.com,FEMALE,Giza,ريم شنيق - Riam Shniq ,0,2,0,148,Central Assurance Director - محلل
62854e0ac86e70026551863c,1984-01-21,Manfalout,Green19@hotmail.com,FEMALE,Asyut,عنود بنسلامة - Anod Bnisalamah ,0,3,0,373,Internal Markets Agent - مهندس
62854e0ac86e70026551863d,1983-03-21,Sharq,Lawrence_Sauer69@yahoo.com,FEMALE,Port Said,بتول السقا - Btol Alsqa ,0,20,0,3311,Internal Factors Orchestrator - منسق
62854e0ac86e70026551863e,1970-09-07,Saff,Reinhold24@yahoo.com,MALE,Giza,باسل يافع - Basal Yafa ,0,7,0,702,Internal Tactics Engineer - رئيس مؤسسة
62854e0ac86e70026551863f,1988-06-03,Louxor,Shanon22@gmail.com,MALE,Luxor,إياس بودوارة - Iias Bodwarah ,0,37,0,5955,District Research Engineer - منسق
62854e0ac86e700265518640,1975-01-08,Hasna,Berta_Langosh@hotmail.com,FEMALE,North Sinai,اروي شقرون - Aroi Shquron ,0,9,0,1791,Regional Accounts Coordinator - رئيس مؤسسة
62854e0ac86e700265518641,1995-02-25,Armant,Abagail_Torphy@gmail.com,MALE,Luxor,أنيس القلال المحترم - Aneis Aliqlal Alamuhtrm ,0,4,0,964,Future Program Developer - مساعد
62854e0ac86e700265518642,1976-07-06,Snoras,Evans_Will@yahoo.com,FEMALE,Faiyum,خلود النفير - Khalod Alnfir ,0,6,0,561,Dynamic Accountability Engineer - متدرب
62854e0ac86e700265518643,1968-10-11,Agouza,Jarod.Schroeder70@hotmail.com,MALE,Giza,حافظ غويلة - Hafiz Ghoilah ,0,3,0,753,Global Marketing Director - مدير
62854e0ac86e700265518644,1988-02-22,Mnouf,Alize_Heaney@gmail.com,MALE,Monufia,نبيل الدنوني - Nabil Aldnoni ,0,9,0,1750,Principal Intranet Producer - رئيس مؤسسة
62854e0ac86e700265518645,1989-12-25,Sallum,Jay.Hirthe@gmail.com,FEMALE,Matruh,نوف فقوسة حفظه الله - Nof Faqosah Hfzah Allah ,0,24,0,3598,Direct Web Orchestrator - منسق
62854e0ac86e700265518646,2005-10-18,Ehnasia,Daphnee_Murray@gmail.com,FEMALE,Beni Suef,بلسم خنفير - Blsam Khnfir ,0,3,0,714,Regional Functionality Facilitator - تقني
62854e0ac86e700265518647,1985-08-17,El Dawahy,Gene3@gmail.com,FEMALE,Port Said,براءة الكافي حفظه الله - Baraaah Alkafii Hfzah Allah ,0,1,0,128,Customer Accountability Analyst - مبرمج
62854e0ac86e700265518648,2005-08-21,First Zakazek,Earnest_Anderson98@gmail.com,MALE,Sharqia,يحيى شقرون - Yhaia Shquron ,0,12,0,2076,Investor Communications Agent - مستشار
62854e0ac86e700265518649,1976-02-02,El Usayrat,Bart44@gmail.com,FEMALE,Sohag,ريم العلاني المبجل - Riam Alalaanei Alambjl ,0,17,0,2256,Future Identity Manager - مشرف
62854e0ac86e70026551864a,1966-06-15,Al Wasta,Raegan.Kessler90@hotmail.com,MALE,Beni Suef,ناجي يافع حفظه الله - Naji Yafa Hfzah Allah ,0,9,0,679,Principal Directives Analyst - محلل
62854e0ac86e70026551864b,1966-08-14,El Kantara Shark,Abbigail_DuBuque@hotmail.com,MALE,Ismailia,صبحي المدقي المحترم - Sbhai Alamdqai Alamuhtrm ,0,1,0,87,Investor Brand Developer - منسق
62854e0ac86e70026551864c,1975-10-03,Koutor,Myron84@yahoo.com,FEMALE,Gharbia,بتول الكافي - Btol Alkafii ,0,2,0,369,Human Brand Producer - تقني
62854e0ac86e70026551864d,2002-11-18,Abo Teag,Allison6@gmail.com,MALE,Asyut,ليث العواني - Laith Alawanei ,0,2,0,157,National Infrastructure Associate - مبرمج
62854e0ac86e70026551864e,2007-06-02,Port Fuad,Modesto_Huels27@hotmail.com,MALE,Port Said,سراج سويس حفظه الله - Sraj Saois Hfzah Allah ,0,16,0,2348,Human Interactions Orchestrator - متدرب
62854e0ac86e70026551864f,2002-06-10,Sueiz,Cleo.Dietrich@gmail.com,MALE,Suez,فراس الدنوني - Faras Aldnoni ,0,27,0,3886,National Branding Architect - مستشار
62854e0ac86e700265518650,2006-12-16,Sueiz,Beverly99@hotmail.com,FEMALE,Suez,ريم العواني المحترم - Riam Alawanei Alamuhtrm ,0,8,0,880,Global Directives Analyst - إداري
62854e0ac86e700265518651,1987-08-12,El Tor,Shyanne.Lesch@hotmail.com,FEMALE,South Sinai,بتول المولدي - Btol Alamoldi ,0,3,0,612,Senior Accounts Designer - مساعد
62854e0ac86e700265518652,1997-08-10,El Rahmania,Timothy_Howell@yahoo.com,FEMALE,Beheira,فاطمه الطويل - Fatmuah Altoil ,0,2,0,274,Forward Group Engineer - مصمم
62854e0ac86e700265518653,1999-06-05,Bir Al Abd,Jaylan74@gmail.com,FEMALE,North Sinai,براءة النفير - Baraaah Alnfir ,0,7,0,586,Chief Markets Technician - مستشار
62854e0ac86e700265518654,2006-08-27,El Delengat,Koby72@yahoo.com,MALE,Beheira,تيسير بن عثمان - Tisair Bn Athman ,0,3,0,309,Dynamic Identity Designer - متدرب
62854e0ac86e700265518655,1982-09-18,Daraw,Abdullah_Schuppe66@yahoo.com,MALE,Aswan,سيد رضا بن حسين - Said Radha Bn Hussain ,0,8,0,934,District Implementation Assistant - مستشار
62854e0ac86e700265518656,2002-09-26,Sherbeen,Eldora.Koss30@yahoo.com,FEMALE,Dakahlia,عنود النفطي - Anod Alnftai ,0,19,0,3147,Senior Brand Supervisor - مشرف
62854e0ac86e700265518657,1988-01-20,Essna,Eliane.Nikolaus28@hotmail.com,MALE,Luxor,رجب الصغير - Rajab Alsghir ,0,12,0,1620,Legacy Applications Technician - مصمم
62854e0ac86e700265518658,1982-03-19,First El Mahala El Koubra,Jorge95@hotmail.com,FEMALE,Gharbia,بتول زقية الموقر - Btol Zqaiah Alamoqur ,0,4,0,848,Principal Optimization Assistant - إداري
62854e0ac86e700265518659,1976-08-29,Kom Embo,Hipolito.Walter63@yahoo.com,MALE,Aswan,سعيد عنون - Saaid Anon ,0,2,0,256,Chief Interactions Developer - محلل
62854e0ac86e70026551865a,2007-09-20,Etsa,Shanna.Haley39@gmail.com,FEMALE,Faiyum,عنود سويس - Anod Saois ,0,7,0,1157,District Usability Orchestrator - منسق
62854e0ac86e70026551865b,2003-06-03,Naaser,Dustin.Bailey@gmail.com,MALE,Aswan,بروفيسور فؤاد الرقيق - Brofisaoar Fuad Alruqaiq ,0,2,0,174,Direct Functionality Facilitator - تنفيذي
62854e0ac86e70026551865c,1974-12-23,Naaser,Tyshawn66@hotmail.com,MALE,Aswan,عارف القلشاني - Aaraf Aliqlshanei ,0,4,0,848,Product Tactics Executive - متدرب
62854e0ac86e70026551865d,1989-06-21,El Bagour,Alexis92@yahoo.com,MALE,Monufia,منصف العطار - Munasaf Alaatar ,0,19,0,2969,District Implementation Representative - مبرمج
62854e0ac86e70026551865e,2002-07-17,El Rahmania,Omer.Kuhic@gmail.com,FEMALE,Beheira,نوف عنون - Nof Anon ,0,8,0,1368,Dynamic Division Administrator - منسق
62854e0ac86e70026551865f,1982-06-11,Tanta,Elroy.Muller92@yahoo.com,MALE,Gharbia,فضيل الكراي - Fadhil Alkarai ,0,29,0,4991,Regional Program Liaison - تقني
62854e0ac86e700265518660,2001-04-15,Samalut,Dahlia.Dooley92@yahoo.com,FEMALE,Minya,براءة عطالله - Baraaah Aatallah ,0,18,0,4348,Future Metrics Officer - تقني
62854e0ac86e700265518661,2006-09-09,El Manakh,Norberto_Cruickshank@hotmail.com,FEMALE,Port Said,بلسم الحجيج الموقر - Blsam Alhajij Alamoqur ,0,27,0,4723,Corporate Quality Consultant - منتج
62854e0ac86e700265518662,1997-08-16,Mnouf,Joel72@yahoo.com,FEMALE,Monufia,براءة جابالله المبجل - Baraaah Jaballah Alambjl ,0,18,0,1152,Forward Intranet Designer - تنفيذي
62854e0ac86e700265518663,2001-01-27,Ismailliaa,Justyn_Crona@yahoo.com,FEMALE,Ismailia,خلود الوحيشي - Khalod Alohaishi ,0,35,0,6602,District Data Coordinator - منسق
62854e0ac86e700265518664,2006-06-12,Hosh Essa,Christop91@yahoo.com,FEMALE,Beheira,نوف العواني - Nof Alawanei ,0,10,0,1126,Dynamic Configuration Coordinator - مهندس
62854e0ac86e700265518665,1986-10-18,Samalut,Kellie38@yahoo.com,FEMALE,Minya,خلود العواني - Khalod Alawanei ,0,12,0,1750,Lead Implementation Specialist - إداري
62854e0ac86e700265518666,2007-12-17,El Manakh,German.Heidenreich@hotmail.com,FEMALE,Port Said,فاطمه زروق - Fatmuah Zroq ,0,2,0,238,National Metrics Supervisor - مخطط
62854e0ac86e700265518667,1977-08-29,El Bagour,Favian_Mosciski92@gmail.com,FEMALE,Monufia,بتول بن عبدالله - Btol Bn Abadallah ,0,30,0,4813,International Creative Executive - مساعد
62854e0ac86e700265518668,1980-04-05,Abdeen,Camron.Nikolaus@yahoo.com,MALE,Cairo,خيري سويس - Khairi Saois ,0,4,0,848,Future Data Orchestrator - رئيس مؤسسة
62854e0ac86e700265518669,1982-02-11,Talkha,Brennan62@hotmail.com,MALE,Dakahlia,أيمن الشريف - Aiamun Alshrif ,0,3,0,384,Product Accounts Strategist - مهندس
62854e0ac86e70026551866a,2002-05-15,El Fashn,Brennon93@hotmail.com,FEMALE,Beni Suef,عنود الصفار - Anod Alsafar ,0,41,0,5661,Direct Usability Specialist - مهندس
62854e0ac86e70026551866b,1972-06-16,Qusier,Jennyfer21@yahoo.com,MALE,Red Sea,مفتاح الع لويني - Muftah Ala Loini ,0,15,0,2428,Forward Solutions Officer - مشرف
62854e0ac86e70026551866c,1980-07-29,Ismailliaa,Shyann10@yahoo.com,MALE,Ismailia,عزيز زروق - Azaiaz Zroq ,0,8,0,1744,Future Group Planner - منسق
62854e0ac86e70026551866d,1995-07-17,Tanta,Domenic.Gerlach@hotmail.com,MALE,Gharbia,شمس الدين فقوسة حفظه الله - Shams Aldin Faqosah Hfzah Allah ,0,7,0,998,Dynamic Data Architect - تنفيذي
62854e0ac86e70026551866e,1991-08-12,Nuweiba,Jacklyn.Orn94@yahoo.com,FEMALE,South Sinai,بلسم الع لويني - Blsam Ala Loini ,0,14,0,2003,Global Intranet Consultant - مهندس
62854e0ac86e70026551866f,1974-10-17,Mohandseen,Jeanie.Sauer@yahoo.com,FEMALE,Giza,سيد عنود فقوسة - Said Anod Faqosah ,0,7,0,1162,Global Brand Manager - مساعد
62854e0ac86e700265518670,1966-03-30,Damietta District,Vivian87@hotmail.com,MALE,Damietta,إياد بن عبد السلام - Iiad Bn Abad Alsalam ,0,8,0,1928,Chief Research Engineer - منسق
62854e0ac86e700265518671,1980-03-12,El Mtaria,Jonatan.Dietrich95@gmail.com,FEMALE,Dakahlia,فاطمه شنيق - Fatmuah Shniq ,0,8,0,2008,National Identity Facilitator - تقني
62854e0ac86e700265518672,2007-09-06,Ras Gharib,Leonie94@yahoo.com,FEMALE,Red Sea,آنسة نوف جابالله - Anisah Nof Jaballah ,0,2,0,548,Corporate Paradigm Consultant - مدير
62854e0ac86e700265518673,1977-05-27,Dokki,Nicole_Stanton48@hotmail.com,FEMALE,Giza,دكتور براءة تومي - Dktoar Baraaah Tomai ,0,6,0,510,Chief Factors Orchestrator - متخصص
62854e0ac86e700265518674,1995-08-08,Nuweiba,Sienna.Zieme@gmail.com,MALE,South Sinai,وصفي النجار - Wsafi Alnajar ,0,12,0,984,Senior Functionality Developer - تقني
62854e0ac86e700265518675,2006-10-14,El Waqf,Kennedi.Pollich@yahoo.com,FEMALE,Qena,بلسم القلال الموقر - Blsam Aliqlal Alamoqur ,0,4,0,964,Future Identity Director - منسق
62854e0ac86e700265518676,1983-07-07,Tala,Lila_Jacobi95@yahoo.com,FEMALE,Monufia,اروي الرصاع - Aroi Alrsaa ,0,5,0,505,Principal Markets Orchestrator - منسق
62854e0ac86e700265518677,1976-09-01,Louxor,Katarina65@yahoo.com,MALE,Luxor,دكتور نبيل الزوابي - Dktoar Nabil Alzwabi ,0,10,0,1207,Dynamic Security Orchestrator - مهندس
62854e0ac86e700265518678,1987-12-27,El Montazah,Agnes_West72@yahoo.com,MALE,Alexandria,هاشم خنفير - HIshm Khnfir ,0,8,0,1024,Lead Directives Coordinator - مشرف
62854e0ac86e700265518679,1990-10-17,El Gomrok,Joanie_Heaney92@gmail.com,FEMALE,Alexandria,عنود غويلة - Anod Ghoilah ,0,15,0,2076,National Program Strategist - مساعد
62854e0ac86e70026551867a,1980-11-14,Matai,Odell50@gmail.com,FEMALE,Minya,عنود بودوارة المبجل - Anod Bodwarah Alambjl ,0,12,0,1629,Senior Applications Engineer - مصمم
62854e0ac86e70026551867b,1968-12-07,Kerdasa,Isac96@yahoo.com,MALE,Giza,حامد جاوحدو - Hamid Jaohdo ,0,14,0,1166,Customer Optimization Architect - متدرب
62854e0ac86e70026551867c,1984-07-29,Ras Sedr,Vickie.Reichel@gmail.com,MALE,South Sinai,منعم عظومة - Munam Azomah ,0,12,0,1704,Human Markets Strategist - مساعد
62854e0ac86e70026551867d,2006-10-28,Birket El Sab,Joyce.Reichert@gmail.com,MALE,Monufia,نوفل يافع - Nofl Yafa ,0,16,0,1844,Chief Directives Liaison - محلل
62854e0ac86e70026551867e,1987-09-11,Al Wasta,Pietro.Wolff29@yahoo.com,MALE,Beni Suef,مهدي الع لويني - Muhadi Ala Loini ,0,13,0,2488,Dynamic Branding Planner - متخصص
62854e0ac86e70026551867f,1983-05-22,Tala,Clara_Dietrich@gmail.com,MALE,Monufia,رشدي الطريقي - Rshdi Altriqai ,0,11,0,1318,Internal Implementation Officer - متدرب
62854e0ac86e700265518680,2003-07-13,Ashmoun,Arlie_Collins@gmail.com,FEMALE,Monufia,عوضية بن عمر - Aodhiah Bn Omar ,0,6,0,657,Forward Identity Representative - متدرب
62854e0ac86e700265518681,1989-06-09,El Khasos,Tommie.Heidenreich@hotmail.com,FEMALE,Qalyubia,ريم زروق - Riam Zroq ,0,3,0,411,Internal Intranet Representative - تقني
62854e0ac86e700265518682,1973-05-14,South Port Said,Cali_Bergnaum32@gmail.com,MALE,Port Said,جسور بن عبدالله - Jsaoar Bn Abadallah ,0,2,0,492,Lead Brand Agent - وكيل
62854e0ac86e700265518683,1966-11-07,Shuhada,Valentin_Schuppe@hotmail.com,FEMALE,Monufia,عنود الزوابي - Anod Alzwabi ,0,24,0,3333,Regional Metrics Planner - تقني
62854e0ac86e700265518684,2002-07-24,Armant,Veda.Tremblay36@gmail.com,FEMALE,Luxor,بلسم العواني - Blsam Alawanei ,0,1,0,212,District Integration Technician - مشرف
62854e0ac86e700265518685,1983-09-14,Armant,Emil40@hotmail.com,MALE,Luxor,ربيع شنيق - Rabia Shniq ,0,9,0,1143,Customer Directives Assistant - وكيل
62854e0ac86e700265518686,2003-11-08,El Montazah,Haleigh57@yahoo.com,MALE,Alexandria,أمين لخشين - Amain Lkhshin ,0,8,0,594,Central Functionality Technician - مبرمج
62854e0ac86e700265518687,1974-12-01,Abou Qirqas,Guadalupe.Metz@gmail.com,MALE,Minya,علاء الدنوني المبجل - Alaaa Aldnoni Alambjl ,0,16,0,1548,National Infrastructure Analyst - تنفيذي
62854e0ac86e700265518688,1994-08-04,El Dabaa,Sabryna14@hotmail.com,FEMALE,Matruh,عوضية المولدي - Aodhiah Alamoldi ,0,1,0,74,Dynamic Accountability Executive - مستشار
62854e0ac86e700265518689,1987-05-15,Second Assuit,Dario_Pacocha@gmail.com,FEMALE,Asyut,دكتور نوف همدان - Dktoar Nof Hmdan ,0,12,0,1200,Principal Communications Developer - مخطط
62854e0ac86e70026551868a,1967-12-10,Osiem,Gardner40@gmail.com,FEMALE,Giza,اروي بن حسين - Aroi Bn Hussain ,0,3,0,822,National Identity Administrator - تقني
62854e0ac86e70026551868b,1983-03-22,First Zakazek,Elouise_Funk96@yahoo.com,FEMALE,Sharqia,ريم يافع - Riam Yafa ,0,12,0,1240,Dynamic Implementation Facilitator - مشرف
62854e0ac86e70026551868c,1996-07-09,Benha,Edison_Morar@hotmail.com,MALE,Qalyubia,ديسم بن عمر - Disam Bn Omar ,0,7,0,1480,District Directives Engineer - تقني
62854e0ac86e70026551868d,1971-02-27,Kafr El Sheikh City,Amani.Vandervort30@hotmail.com,FEMALE,Kafr El Sheikh,عنود فقوسة - Anod Faqosah ,0,12,0,1654,District Solutions Designer - مستشار
62854e0ac86e70026551868e,1984-11-17,Second El Mahala El Koubra,Cortney_Armstrong79@hotmail.com,MALE,Gharbia,قاسم عظومة - Qasam Azomah ,0,11,0,1048,Human Metrics Analyst - منسق
62854e0ac86e70026551868f,1992-10-15,Sallum,Helene51@yahoo.com,MALE,Matruh,سيد نافع القلشاني - Said Nafa Aliqlshanei ,0,3,0,753,Senior Integration Specialist - مبرمج
62854e0ac86e700265518690,1992-06-16,Edfo,Robert.Greenholt@yahoo.com,MALE,Aswan,عباس بن عاشور - Abas Bn AIshoar ,0,4,0,484,Central Group Coordinator - متخصص
62854e0ac86e700265518691,1985-07-03,Obour City,Laron16@yahoo.com,MALE,Qalyubia,مبارك الكراي - Mbark Alkarai ,0,19,0,2364,Central Data Manager - متخصص
62854e0ac86e700265518692,2000-12-09,Obour City,Curt56@yahoo.com,MALE,Qalyubia,إسلام هذيل حفظه الله - Isalam Hthil Hfzah Allah ,0,22,0,2033,Corporate Configuration Strategist - متدرب
62854e0ac86e700265518693,1987-05-13,Ras El Bar,Ayana_Keebler@yahoo.com,FEMALE,Damietta,اروي المحجوب - Aroi Alamahajob ,0,8,0,1528,Product Research Consultant - وكيل
62854e0ac86e700265518694,2003-06-09,Shibin El Qanater,Cletus_Jast2@gmail.com,FEMALE,Qalyubia,عنود الزوابي الموقر - Anod Alzwabi Alamoqur ,0,8,0,1160,National Group Director - مخطط
62854e0ac86e700265518695,1972-03-16,El Manshia,Thalia_Thompson@gmail.com,MALE,Alexandria,هاشم فقوسة الموقر - HIshm Faqosah Alamoqur ,0,14,0,2257,Investor Accounts Strategist - مشرف
62854e0ac86e700265518696,1997-11-04,El Kantara Shark,Florencio.OKon@yahoo.com,FEMALE,Ismailia,نوف بن عبدالله - Nof Bn Abadallah ,0,25,0,3772,National Directives Designer - تقني
62854e0ac86e700265518697,2002-01-27,Heha,Theresa_Harvey@hotmail.com,FEMALE,Sharqia,براءة الوحيشي - Baraaah Alohaishi ,0,47,0,6611,Investor Applications Engineer - مدير
62854e0ac86e700265518698,2000-11-19,Heha,Alena.Blick79@hotmail.com,MALE,Sharqia,عاصي سويس - Aasi Saois ,0,2,0,393,Future Identity Engineer - رئيس مؤسسة
62854e0ac86e700265518699,1989-07-19,El Arab,Nat6@gmail.com,MALE,Beni Suef,فاروق النخلي - Faroq Alnkhalai ,0,13,0,2271,Legacy Infrastructure Consultant - مصمم
62854e0ac86e70026551869a,1999-10-04,Qusier,Jarret.Pollich@yahoo.com,FEMALE,Red Sea,عوضية بن عبد الكريم - Aodhiah Bn Abad Alkariam ,0,24,0,3540,Senior Optimization Agent - مبرمج
62854e0ac86e70026551869b,1967-11-26,Monshaat El Kanater,Loren_Willms75@yahoo.com,FEMALE,Giza,اروي البشيري - Aroi Albshiri ,0,1,0,251,National Identity Coordinator - منسق
62854e0ac86e70026551869c,1985-02-05,Sueiz,Walter.Green@yahoo.com,MALE,Suez,بسيم الكافي - Bsaiam Alkafii ,0,1,0,64,Chief Assurance Analyst - مشرف
62854e0ac86e70026551869d,2007-06-27,El Ramel,Kadin.Jacobi71@hotmail.com,FEMALE,Alexandria,ريم سعيد - Riam Saaid ,0,49,0,6028,Direct Usability Engineer - متخصص
62854e0ac86e70026551869e,1971-09-30,Sidi Salem,Rebeka_Waters@yahoo.com,FEMALE,Kafr El Sheikh,اروي زقية - Aroi Zqaiah ,0,11,0,1325,Central Directives Administrator - مساعد
62854e0ac86e70026551869f,1996-08-20,Deir Mawas,Elta23@gmail.com,MALE,Minya,صقر البشيري - Squr Albshiri ,0,7,0,621,Legacy Security Strategist - تنفيذي
62854e0ac86e7002655186a0,1989-08-15,Fakous,Kendra.Ledner@gmail.com,FEMALE,Sharqia,آنسة بلسم بن عثمان - Anisah Blsam Bn Athman ,0,3,0,222,Corporate Integration Manager - تنفيذي
62854e0ac86e7002655186a1,1969-02-12,Sirs Al Layyanah,Madie.Renner7@gmail.com,FEMALE,Monufia,ريم العطار - Riam Alaatar ,0,14,0,1883,Investor Mobility Representative - منتج
62854e0ac86e7002655186a2,1997-10-01,Abo Hamad,Winston_Prohaska@yahoo.com,MALE,Sharqia,تميم فقوسة - Tmaiam Faqosah ,0,5,0,427,Internal Accounts Technician - إداري
62854e0ac86e7002655186a3,2005-08-29,El Ibrahimia,Rodrigo_Bernhard60@gmail.com,MALE,Sharqia,سلامة ادريس - Salamah Idris ,0,19,0,2954,Principal Data Producer - متدرب
62854e0ac86e7002655186a4,1992-08-24,Ras Gharib,Juanita_Stiedemann@hotmail.com,MALE,Red Sea,أنيس زقية - Aneis Zqaiah ,0,1,0,119,Central Division Orchestrator - رئيس مؤسسة
62854e0ac86e7002655186a5,1996-03-13,El Waqf,Genevieve24@gmail.com,FEMALE,Qena,عنود المنيف حفظه الله - Anod Alamanif Hfzah Allah ,0,2,0,256,Chief Web Analyst - مشرف
62854e0ac86e7002655186a6,1993-08-22,El Mansoura,Salvador23@yahoo.com,MALE,Dakahlia,سيدة مؤمن النفطي - Saidah Mumun Alnftai ,0,26,0,4620,Dynamic Accountability Specialist - مدير
62854e0ac86e7002655186a7,1989-10-13,Armant,Anastasia.Kiehn70@yahoo.com,FEMALE,Luxor,عوضية عطالله - Aodhiah Aatallah ,0,3,0,421,Human Intranet Facilitator - مهندس
62854e0ac86e7002655186a8,1989-11-24,Faraskour,Rashad.Rodriguez@hotmail.com,FEMALE,Damietta,براءة الخليفي - Baraaah Alkhalaifi ,0,17,0,2873,Forward Accountability Producer - مشرف
62854e0ac86e7002655186a9,1996-10-15,Girga,Wilhelmine_Parisian27@gmail.com,MALE,Sohag,نصر القلال - Nasar Aliqlal ,0,13,0,1702,Corporate Data Designer - مهندس
62854e0ac86e7002655186aa,1987-02-14,El Arbein,Jazmyn.Auer@yahoo.com,MALE,Suez,رسلان الخليفي - Rsalan Alkhalaifi ,0,5,0,1092,Direct Accounts Liaison - محلل
62854e0ac86e7002655186ab,1987-08-04,Agouza,Wava.Conroy@gmail.com,FEMALE,Giza,بلسم بن عبدالله - Blsam Bn Abadallah ,0,17,0,1964,Internal Branding Manager - متخصص
62854e0ac86e7002655186ac,1977-09-30,Mohandseen,Russel58@hotmail.com,MALE,Giza,حسام المدقي - Husam Alamdqai ,0,5,0,483,Dynamic Optimization Technician - مبرمج
62854e0ac86e7002655186ad,1983-06-03,Sueiz,Wallace_Hermann88@hotmail.com,FEMALE,Suez,ريم الشريف - Riam Alshrif ,0,11,0,1830,Forward Marketing Consultant - متخصص
62854e0ac86e7002655186ae,1980-12-27,El Mansoura,Wilfrid_Romaguera@yahoo.com,FEMALE,Dakahlia,ريم المولدي - Riam Alamoldi ,0,22,0,3627,Corporate Creative Associate - مخطط
62854e0ac86e7002655186af,2005-04-25,El Dawahy,Moshe.Hoppe33@yahoo.com,MALE,Port Said,زياد سعيد - Zaiad Saaid ,0,3,0,204,Dynamic Accountability Developer - مساعد
62854e0ac86e7002655186b0,1987-12-15,Assuiet,Trey_Herzog@hotmail.com,MALE,Asyut,وسيم جراد - Wsaiam Jrad ,0,6,0,444,District Usability Associate - مشرف
62854e0ac86e7002655186b1,1987-10-19,Eyetay El Barood,Earnest.Beahan65@gmail.com,FEMALE,Beheira,بتول الحمامي - Btol Alhamamai ,0,3,0,753,Principal Optimization Administrator - منسق
62854e0ac86e7002655186b2,1993-01-28,El Kantara Gharb,Brionna.Schinner@hotmail.com,MALE,Ismailia,آنسة فراس بن عبد السلام - Anisah Faras Bn Abad Alsalam ,0,3,0,753,Human Accountability Officer - متخصص
62854e0ac86e7002655186b3,1990-03-23,Bab El Shearia,Velva60@gmail.com,MALE,Cairo,عفيف العواني - Afief Alawanei ,0,1,0,74,Principal Implementation Specialist - مبرمج
62854e0ac86e7002655186b4,1979-08-03,Bani Abied,Megane_Rath69@gmail.com,MALE,Dakahlia,حفيظ الوحيشي حفظه الله - Hfiz Alohaishi Hfzah Allah ,0,6,0,522,Human Quality Orchestrator - مدير
62854e0ac86e7002655186b5,1988-04-14,Attaka,Therese.Romaguera19@hotmail.com,FEMALE,Suez,خلود الزوابي - Khalod Alzwabi ,0,2,0,339,Dynamic Metrics Analyst - رئيس مؤسسة
62854e0ac86e7002655186b6,1983-05-30,Quesna,Era.Skiles59@yahoo.com,MALE,Monufia,مرسي زروق - Marsai Zroq ,0,7,0,902,Product Configuration Analyst - وكيل
62854e0ac86e7002655186b7,1990-04-22,Farshut,Darrell81@gmail.com,MALE,Qena,حليم السقا - Halaiam Alsqa ,0,14,0,1576,Lead Accountability Facilitator - مصمم
62854e0ac86e7002655186b8,1983-07-18,El Dabaa,Darren90@hotmail.com,FEMALE,Matruh,براءة سعيد - Baraaah Saaid ,0,7,0,810,Investor Factors Facilitator - مدير
62854e0ac86e7002655186b9,1979-12-20,Nasser,Mabel93@yahoo.com,MALE,Beni Suef,دكتور حسان عظومة - Dktoar Husan Azomah ,0,13,0,1698,Dynamic Assurance Assistant - مصمم
62854e0ac86e7002655186ba,1984-01-29,El Mahala El Koubra,Oliver_Nicolas@gmail.com,FEMALE,Gharbia,عوضية بن عثمان - Aodhiah Bn Athman ,0,2,0,148,Investor Assurance Specialist - مخطط
62854e0ac86e7002655186bb,1992-08-08,Mersa Matruh,Jedidiah.Yundt57@yahoo.com,MALE,Matruh,عارف تومي - Aaraf Tomai ,0,3,0,753,Investor Creative Administrator - مستشار
62854e0ac86e7002655186bc,1990-06-29,Hurgada,Forrest_Heidenreich@gmail.com,MALE,Red Sea,ياسر بوهاها - Yasr Bohaha ,0,3,0,204,International Intranet Director - محلل
62854e0ac86e7002655186bd,1983-11-15,El Arbein,Nelle.Kozey@yahoo.com,FEMALE,Suez,ريم الرصاع - Riam Alrsaa ,0,15,0,2835,Investor Tactics Designer - تنفيذي
62854e0ac86e7002655186be,1992-01-08,Sheikh Zuweid,Coby46@hotmail.com,FEMALE,North Sinai,نوف نيفر المحترم - Nof Nifar Alamuhtrm ,0,2,0,174,Product Data Planner - مساعد
62854e0ac86e7002655186bf,1991-11-28,El Tal El Kbier,Bart.Kiehn@hotmail.com,FEMALE,Ismailia,عوضية المحجوب - Aodhiah Alamahajob ,0,1,0,82,Corporate Infrastructure Administrator - مستشار
62854e0ac86e7002655186c0,2001-02-08,Hasna,Clement.Mertz55@gmail.com,FEMALE,North Sinai,اروي خنفير - Aroi Khnfir ,0,12,0,1586,Forward Tactics Executive - محلل
62854e0ac86e7002655186c1,1968-07-21,El Maragha,Dedric42@gmail.com,MALE,Sohag,فائز الخليفي - Faaz Alkhalaifi ,0,11,0,2644,Human Interactions Strategist - تنفيذي
62854e0ac86e7002655186c2,1988-08-11,Menaa Alexandria,Erling_Koelpin95@hotmail.com,FEMALE,Alexandria,اروي النجار - Aroi Alnajar ,0,7,0,1345,Customer Identity Administrator - مبرمج
62854e0ac86e7002655186c3,1987-06-02,El Manzala,Gregg38@gmail.com,FEMALE,Dakahlia,ريم الرقيق - Riam Alruqaiq ,0,8,0,1024,Legacy Branding Representative - مخطط
62854e0ac86e7002655186c4,1966-12-23,Essna,Eugene58@hotmail.com,FEMALE,Luxor,عنود المولدي - Anod Alamoldi ,0,13,0,1546,Senior Response Planner - تنفيذي
62854e0ac86e7002655186c5,1970-05-05,Samalut,Sedrick_Trantow@gmail.com,MALE,Minya,منعم بن عمر - Munam Bn Omar ,0,10,0,1538,Internal Factors Technician - إداري
62854e0ac86e7002655186c6,1999-11-06,Damietta District,Maye49@yahoo.com,MALE,Damietta,حميد الطريقي - Hamaid Altriqai ,0,9,0,1150,Product Applications Analyst - إداري
62854e0ac86e7002655186c7,1986-05-05,Sidi Barany,Sydnie19@hotmail.com,FEMALE,Matruh,براءة بوديبة - Baraaah Bodibah ,0,4,0,880,Forward Markets Agent - مدير
62854e0ac86e7002655186c8,2005-04-20,Al Wasta,Earnestine68@yahoo.com,MALE,Beni Suef,حميد الدنوني - Hamaid Aldnoni ,0,11,0,2115,Central Optimization Administrator - رئيس مؤسسة
62854e0ac86e7002655186c9,1997-06-04,El Tal El Kbier,Merl_Feest8@hotmail.com,FEMALE,Ismailia,سيد عنود بن حسين - Said Anod Bn Hussain ,0,3,0,411,National Brand Manager - مهندس
62854e0ac86e7002655186ca,1993-05-14,Sharq,Reymundo77@yahoo.com,MALE,Port Said,راشد فقوسة المحترم - RIshd Faqosah Alamuhtrm ,0,12,0,2640,Lead Security Architect - تنفيذي
62854e0ac86e7002655186cb,2002-05-05,Al Wasta,Gillian.Von52@hotmail.com,FEMALE,Beni Suef,سيد عنود عاشور - Said Anod AIshoar ,0,12,0,1530,Human Division Technician - تقني
62854e0ac86e7002655186cc,1980-09-23,El Hessainia,Keely97@gmail.com,FEMALE,Sharqia,براءة النخلي - Baraaah Alnkhalai ,0,12,0,1032,Regional Data Producer - وكيل
62854e0ac86e7002655186cd,1982-05-03,Nag Hammadi,Raymond36@hotmail.com,FEMALE,Qena,عوضية بن عاشور المحترم - Aodhiah Bn AIshoar Alamuhtrm ,0,9,0,1233,Direct Solutions Administrator - تقني
62854e0ac86e7002655186ce,1979-12-31,El Hamam,Barton57@yahoo.com,MALE,Matruh,بروفيسور عارف بن عثمان - Brofisaoar Aaraf Bn Athman ,0,14,0,1782,International Data Manager - تنفيذي
62854e0ac86e7002655186cf,1982-03-21,El Arbein,Elenora62@gmail.com,FEMALE,Suez,عنود خنفير - Anod Khnfir ,0,5,0,476,Principal Operations Coordinator - رئيس مؤسسة
62854e0ac86e7002655186d0,1996-02-27,Sallum,Bernard15@hotmail.com,FEMALE,Matruh,بتول لخشين - Btol Lkhshin ,0,12,0,1436,District Usability Coordinator - مشرف
62854e0ac86e7002655186d1,1979-12-12,Nasser,Davin.Bahringer18@yahoo.com,MALE,Beni Suef,غازي غويلة - Ghazai Ghoilah ,0,6,0,1109,Investor Configuration Architect - مساعد
62854e0ac86e7002655186d2,2007-06-08,Naqada,Domingo54@hotmail.com,MALE,Qena,إياس النفير حفظه الله - Iias Alnfir Hfzah Allah ,0,5,0,381,Principal Marketing Executive - متدرب
62854e0ac86e7002655186d3,1984-01-17,Sedy Beshr,Jovan.Hilpert@hotmail.com,MALE,Alexandria,شهاب العنابي - Shahab Alanabi ,0,7,0,651,District Operations Specialist - رئيس مؤسسة
62854e0ac86e7002655186d4,1991-12-11,Bani Abied,Una_Dach88@gmail.com,FEMALE,Dakahlia,بلسم الحمامي - Blsam Alhamamai ,0,8,0,1297,Direct Communications Supervisor - مصمم
62854e0ac86e7002655186d5,1995-10-15,Attaka,Santina.Christiansen@hotmail.com,FEMALE,Suez,اروي القلشاني - Aroi Aliqlshanei ,0,12,0,1313,Lead Research Coordinator - متخصص
62854e0ac86e7002655186d6,1989-07-10,El Kantara Shark,Justine_Hilll@hotmail.com,MALE,Ismailia,دريد العلاني - Drid Alalaanei ,0,11,0,1404,Dynamic Brand Planner - مدير
62854e0ac86e7002655186d7,1986-08-02,Manfalout,Rowan_Sawayn@yahoo.com,MALE,Asyut,ديسم القلال - Disam Aliqlal ,0,3,0,723,Future Accountability Manager - إداري
62854e0ac86e7002655186d8,1984-01-07,Second Ismaillia,Kira.Rohan@yahoo.com,FEMALE,Ismailia,ريم الخليفي - Riam Alkhalaifi ,0,2,0,402,Internal Accounts Associate - مبرمج
62854e0ac86e7002655186d9,1973-05-16,Arish,Lenny77@gmail.com,FEMALE,North Sinai,ريم عظومة - Riam Azomah ,0,14,0,1198,Investor Tactics Supervisor - مصمم
62854e0ac86e7002655186da,1989-03-28,Beni Mazar,Keeley_Waters@hotmail.com,MALE,Minya,فخري عظومة - Fakhri Azomah ,0,5,0,381,Internal Data Specialist - متدرب
62854e0ac86e7002655186db,2001-03-11,Talkha,Giovanna75@hotmail.com,FEMALE,Dakahlia,عوضية بن عثمان - Aodhiah Bn Athman ,0,8,0,976,Investor Tactics Consultant - مساعد
62854e0ac86e7002655186dc,1983-04-16,Safaga,Chris8@yahoo.com,MALE,Red Sea,جاد النقاش - Jad AlnqIsh ,0,3,0,636,Dynamic Solutions Analyst - متدرب
62854e0ac86e7002655186dd,2004-12-31,Tamya,Camille92@hotmail.com,FEMALE,Faiyum,بتول القلال - Btol Aliqlal ,0,14,0,2006,Central Research Officer - إداري
62854e0ac86e7002655186de,1982-01-26,Qus,Alia_Nader@hotmail.com,MALE,Qena,وائل بنسلامة - Wael Bnisalamah ,0,11,0,1279,Customer Factors Strategist - مستشار
62854e0ac86e7002655186df,1969-03-02,Abou Zaabal,Annamarie_Blanda45@yahoo.com,MALE,Qalyubia,نصر الغربي - Nasar Alghrabi ,0,4,0,476,Regional Metrics Architect - مبرمج
62854e0ac86e7002655186e0,1972-05-09,Edko,Patience_Daugherty48@hotmail.com,FEMALE,Beheira,بتول بن عمر - Btol Bn Omar ,0,9,0,1910,Human Paradigm Consultant - مخطط
62854e0ac86e7002655186e1,1967-10-03,Qallin,Ethelyn66@gmail.com,FEMALE,Kafr El Sheikh,ريم نيفر - Riam Nifar ,0,4,0,404,Future Solutions Designer - مدير
62854e0ac86e7002655186e2,1996-05-03,Nekhel,Delta.Rutherford96@hotmail.com,FEMALE,North Sinai,آنسة نوف خنفير - Anisah Nof Khnfir ,0,6,0,1224,Internal Usability Manager - مخطط
62854e0ac86e7002655186e3,1983-06-11,Sedy Gaber,Marisa77@yahoo.com,FEMALE,Alexandria,خلود العواني - Khalod Alawanei ,0,9,0,1515,District Optimization Representative - منتج
62854e0ac86e7002655186e4,1985-06-17,Daraw,Madison33@hotmail.com,MALE,Aswan,فتحي الع لويني المحترم - Fthai Ala Loini Alamuhtrm ,0,35,0,6688,Dynamic Interactions Planner - مدير
62854e0ac86e7002655186e5,1976-07-14,Ras El Bar,Glen5@yahoo.com,MALE,Damietta,شمس الدين الطويل - Shams Aldin Altoil ,0,11,0,1619,Forward Paradigm Facilitator - تنفيذي
62854e0ac86e7002655186e6,1985-05-25,El Waqf,Elaina.Torphy73@gmail.com,FEMALE,Qena,بتول العواني - Btol Alawanei ,0,4,0,340,Lead Security Specialist - وكيل
62854e0ac86e7002655186e7,1989-04-08,Etsa,Lorena.Kilback@hotmail.com,MALE,Faiyum,فاكر العلايمي - Fakar Alalaaiamai ,0,4,0,848,Central Metrics Officer - تقني
62854e0ac86e7002655186e8,2005-07-06,Bolak El Dakror,Jaunita29@hotmail.com,FEMALE,Giza,عنود هذيل - Anod Hthil ,0,1,0,85,Product Paradigm Developer - مستشار
62854e0ac86e7002655186e9,1986-09-13,Safaga,Jermain.Stamm@gmail.com,FEMALE,Red Sea,نوف غويلة - Nof Ghoilah ,0,15,0,2213,Customer Applications Officer - مساعد
62854e0ac86e7002655186ea,1990-12-14,Edfo,Demetris.Parker61@gmail.com,FEMALE,Aswan,عنود لخشين - Anod Lkhshin ,0,30,0,5262,Human Integration Liaison - رئيس مؤسسة
62854e0ac86e7002655186eb,1977-02-14,Meet Saleel,Wilfredo81@gmail.com,MALE,Dakahlia,رشيد غويلة - Rshid Ghoilah ,0,3,0,255,Product Infrastructure Supervisor - متخصص
62854e0ac86e7002655186ec,1988-03-27,Hurgada,Brigitte.Kuphal34@hotmail.com,MALE,Red Sea,هاني فقوسة - Hanei Faqosah ,0,4,0,512,District Identity Developer - وكيل
62854e0ac86e7002655186ed,1974-09-05,Qena District,Rigoberto72@hotmail.com,MALE,Qena,عياض هذيل - Aiadh Hthil ,0,8,0,1392,Human Division Assistant - متخصص
62854e0ac86e7002655186ee,1993-01-02,El Arbein,Javonte_Kling81@gmail.com,FEMALE,Suez,بلسم المحجوب - Blsam Alamahajob ,0,8,0,1024,Human Brand Administrator - متخصص
62854e0ac86e7002655186ef,1983-03-06,Hurgada,Josh.Larson@gmail.com,MALE,Red Sea,سيدة عدي بن عثمان - Saidah Audai Bn Athman ,0,8,0,1350,Senior Markets Associate - مخطط
62854e0ac86e7002655186f0,1981-12-31,Daraw,Delpha.Stehr@yahoo.com,MALE,Aswan,غسان النقاش الموقر - Ghsan AlnqIsh Alamoqur ,0,1,0,127,Investor Mobility Strategist - منسق
62854e0ac86e7002655186f1,1988-01-27,El Dabaa,Roderick.Witting@hotmail.com,FEMALE,Matruh,براءة بوهاها - Baraaah Bohaha ,0,4,0,348,Corporate Program Technician - مبرمج
62854e0ac86e7002655186f2,1991-11-06,Talkha,Luigi_Bailey@hotmail.com,FEMALE,Dakahlia,فاطمه السقا - Fatmuah Alsqa ,0,7,0,699,Central Infrastructure Officer - رئيس مؤسسة
62854e0ac86e7002655186f3,1997-01-07,Sherbeen,Leonie.Harber@gmail.com,MALE,Dakahlia,مصلح المدقي - Muslh Alamdqai ,0,1,0,204,Senior Tactics Facilitator - تقني
62854e0ac86e7002655186f4,1993-03-02,Abo Kebier,Lamont_Ernser@yahoo.com,FEMALE,Sharqia,عنود الأشراف - Anod Alashraf ,0,3,0,341,National Marketing Specialist - مهندس
62854e0ac86e7002655186f5,1987-01-13,Armant,Jeffrey80@gmail.com,FEMALE,Luxor,براءة الطريقي - Baraaah Altriqai ,0,8,0,1744,Legacy Interactions Strategist - تقني
62854e0ac86e7002655186f6,1971-12-04,Yousof El Sedek,Nathen80@yahoo.com,MALE,Faiyum,صفوان جاوحدو المبجل - Safwan Jaohdo Alambjl ,0,6,0,444,Internal Infrastructure Designer - متدرب
62854e0ac86e7002655186f7,1995-11-24,Basyon,Richard75@hotmail.com,FEMALE,Gharbia,عنود السقاط - Anod Alsqat ,0,1,0,82,Direct Intranet Coordinator - تقني
62854e0ac86e7002655186f8,2003-03-15,El Maragha,Hailee14@hotmail.com,FEMALE,Sohag,خلود بن عاشور - Khalod Bn AIshoar ,0,25,0,4994,Internal Accounts Orchestrator - مساعد
62854e0ac86e7002655186f9,2006-03-27,Ras El Bar,Kaitlin.Haley51@yahoo.com,FEMALE,Damietta,آنسة ريم الصفار - Anisah Riam Alsafar ,0,4,0,272,Internal Brand Agent - محلل
62854e0ac86e7002655186fa,2000-06-26,Sedy Beshr,Bell71@hotmail.com,FEMALE,Alexandria,بتول شقرون - Btol Shquron ,0,20,0,2430,Dynamic Factors Facilitator - منتج
62854e0ac86e7002655186fb,1978-03-15,Samanoud,Janick24@yahoo.com,FEMALE,Gharbia,عنود غويلة - Anod Ghoilah ,0,52,0,9008,Investor Brand Strategist - منتج
62854e0ac86e7002655186fc,1977-07-03,Menaa El Kamh,Noel96@hotmail.com,FEMALE,Sharqia,عنود النفير - Anod Alnfir ,0,4,0,256,Chief Assurance Orchestrator - مخطط
62854e0ac86e7002655186fd,1969-12-21,Tamya,Johnny83@gmail.com,FEMALE,Faiyum,فاطمه بن حمودة - Fatmuah Bn Hamodah ,0,12,0,1198,Central Directives Consultant - تقني
62854e0ac86e7002655186fe,1991-07-30,Samasta,Josiah.Pacocha@yahoo.com,MALE,Beni Suef,داوود المنيف - Daood Alamanif ,0,12,0,2015,Senior Marketing Associate - مساعد
62854e0ac86e7002655186ff,1994-08-18,Hosh Essa,Pasquale67@gmail.com,MALE,Beheira,محمد الحمامي - Muhammad Alhamamai ,0,20,0,3586,Direct Branding Technician - متدرب
62854e0ac86e700265518700,1971-12-03,Baltim,Anne_Shields36@hotmail.com,MALE,Kafr El Sheikh,فخري همدان - Fakhri Hmdan ,0,6,0,976,Central Optimization Facilitator - مهندس
62854e0ac86e700265518701,1992-08-31,El Bagour,Maxime8@yahoo.com,FEMALE,Monufia,اروي البشيري - Aroi Albshiri ,0,5,0,454,International Accountability Developer - متدرب
62854e0ac86e700265518702,1968-07-08,Qusier,Cecilia_Abshire38@hotmail.com,MALE,Red Sea,جعفر بن عمر - Jafar Bn Omar ,0,8,0,788,Regional Solutions Architect - تقني
62854e0ac86e700265518703,2006-06-28,Wahat Baharia,Richard_Leuschke58@yahoo.com,MALE,Giza,حازم النجار - Hazm Alnajar ,0,15,0,2481,Central Tactics Consultant - مساعد
62854e0ac86e700265518704,1993-01-31,El Dabaa,Jammie_Graham79@gmail.com,FEMALE,Matruh,بتول النخلي - Btol Alnkhalai ,0,4,0,438,Regional Brand Associate - مهندس
62854e0ac86e700265518705,1991-12-25,Saqultah,Osborne.Monahan@gmail.com,MALE,Sohag,باسل العلاني - Basal Alalaanei ,0,8,0,1696,Legacy Division Specialist - وكيل
62854e0ac86e700265518706,2002-09-24,El Dawahy,Caden9@hotmail.com,FEMALE,Port Said,ريم بن عبدالله - Riam Bn Abadallah ,0,9,0,1004,Direct Operations Facilitator - منسق
62854e0ac86e700265518707,1983-06-26,Qift,Claudie.Wyman@gmail.com,FEMALE,Qena,بلسم العلاني - Blsam Alalaanei ,0,2,0,274,Direct Identity Planner - مبرمج
62854e0ac86e700265518708,1990-11-24,Yousof El Sedek,Mathilde69@gmail.com,FEMALE,Faiyum,فاطمه العنابي - Fatmuah Alanabi ,0,22,0,2482,Product Factors Producer - مستشار
62854e0ac86e700265518709,2001-12-05,Mersa Matruh,Lula_Daniel37@hotmail.com,MALE,Matruh,بروفيسور حافظ الشيباني - Brofisaoar Hafiz Alshibanei ,0,7,0,907,Forward Brand Technician - منسق
62854e0ac86e70026551870a,1967-10-26,Hosh Essa,Mckenzie_Stoltenberg@hotmail.com,FEMALE,Beheira,خلود بوديبة - Khalod Bodibah ,0,12,0,1499,Dynamic Assurance Administrator - مصمم
62854e0ac86e70026551870b,1973-12-07,Second Ismaillia,Brigitte.Yost91@hotmail.com,MALE,Ismailia,معتز العطار - Muatz Alaatar ,0,5,0,613,International Factors Associate - تنفيذي
62854e0ac86e70026551870c,1985-07-25,Abo Hamad,Breanna88@gmail.com,MALE,Sharqia,باسم الرصاع - Basam Alrsaa ,0,12,0,1590,Product Interactions Developer - مصمم
62854e0ac86e70026551870d,1993-11-16,El Tal El Kbier,Trever55@gmail.com,MALE,Ismailia,عدلي ادريس - Adlai Idris ,0,12,0,2540,Chief Solutions Officer - تقني
62854e0ac86e70026551870e,1984-06-01,El Maragha,Robin_Paucek@gmail.com,FEMALE,Sohag,اروي جابالله - Aroi Jaballah ,0,7,0,942,Customer Identity Associate - متدرب
62854e0ac86e70026551870f,1995-10-19,Rashed,Ocie_Braun@yahoo.com,FEMALE,Beheira,ريم هذيل - Riam Hthil ,0,31,0,2959,Corporate Division Developer - مساعد
62854e0ac86e700265518710,1999-06-29,Qift,Werner30@gmail.com,MALE,Qena,رفيع المولدي - Rafia Alamoldi ,0,6,0,639,Legacy Data Engineer - مصمم
62854e0ac86e700265518711,1982-06-14,Attaka,Citlalli_Medhurst24@hotmail.com,FEMALE,Suez,عوضية بودوارة - Aodhiah Bodwarah ,0,5,0,476,International Data Strategist - منتج
62854e0ac86e700265518712,1975-11-04,Marsa Alam,Breanne64@hotmail.com,MALE,Red Sea,فؤاد الحجيج - Fuad Alhajij ,0,24,0,3320,Central Response Analyst - متخصص
62854e0ac86e700265518713,2007-11-20,Ras Gharib,Wilfred40@yahoo.com,FEMALE,Red Sea,عنود بن عبدالله المبجل - Anod Bn Abadallah Alambjl ,0,5,0,746,Customer Integration Supervisor - مشرف
62854e0ac86e700265518714,1994-05-30,Second Assuit,Jed.Walsh@hotmail.com,MALE,Asyut,أمين البشيري - Amain Albshiri ,0,5,0,886,Legacy Tactics Engineer - محلل
62854e0ac86e700265518715,1966-03-19,El Idwa,Beaulah_Kihn@hotmail.com,MALE,Minya,نوري البشيري - Noari Albshiri ,0,2,0,136,Lead Marketing Specialist - رئيس مؤسسة
62854e0ac86e700265518716,1966-09-28,South Port Said,Sheila_Mosciski@yahoo.com,FEMALE,Port Said,فاطمه غويلة - Fatmuah Ghoilah ,0,6,0,492,Global Integration Technician - منتج
62854e0ac86e700265518717,1982-09-27,Hasna,Colby_McCullough27@yahoo.com,FEMALE,North Sinai,براءة الطويل - Baraaah Altoil ,0,2,0,202,International Identity Designer - مستشار
62854e0ac86e700265518718,1978-12-18,Marsa Alam,Clair.Kunde52@gmail.com,MALE,Red Sea,مخلص بوديبة - Mukhals Bodibah ,0,6,0,765,Future Assurance Executive - إداري
62854e0ac86e700265518719,2001-05-12,Obour City,Destinee.Farrell37@yahoo.com,MALE,Qalyubia,عزيز سعيد - Azaiaz Saaid ,0,22,0,3964,Legacy Group Producer - متخصص
62854e0ac86e70026551871a,1981-03-30,El Kantara Gharb,Beverly_Hirthe@hotmail.com,FEMALE,Ismailia,اروي بن عمر - Aroi Bn Omar ,0,8,0,1512,Chief Quality Agent - تنفيذي
62854e0ac86e70026551871b,1994-07-22,Nasr City,Walton.Rodriguez61@yahoo.com,MALE,Cairo,خيري شقرون - Khairi Shquron ,0,8,0,1233,International Response Strategist - رئيس مؤسسة
62854e0ac86e70026551871c,1980-07-31,Kafr Saad,Melyssa_Halvorson@hotmail.com,FEMALE,Damietta,بتول المدقي - Btol Alamdqai ,0,7,0,766,Product Functionality Specialist - إداري
62854e0ac86e70026551871d,1983-01-28,Abshway,Connor.Frami@hotmail.com,FEMALE,Faiyum,عنود عظومة - Anod Azomah ,0,15,0,1971,Product Branding Orchestrator - وكيل
62854e0ac86e70026551871e,1978-02-09,El Zarqa,Bertha_Koss@yahoo.com,MALE,Damietta,سرمد بوهاها - Srmd Bohaha ,0,2,0,256,District Accountability Supervisor - إداري
62854e0ac86e70026551871f,1990-02-16,Tala,Amy12@yahoo.com,FEMALE,Monufia,نوف نيفر - Nof Nifar ,0,5,0,640,Product Group Consultant - مشرف
62854e0ac86e700265518720,2004-07-05,El Arab,Aleen.Schulist27@yahoo.com,MALE,Beni Suef,ناجح بن عبد السلام - Najh Bn Abad Alsalam ,0,5,0,781,Investor Creative Analyst - رئيس مؤسسة
62854e0ac86e700265518721,1979-08-03,Damnhour,Melissa.Hills@hotmail.com,MALE,Beheira,سهيل الع لويني - Suhail Ala Loini ,0,32,0,5138,Corporate Paradigm Representative - مستشار
62854e0ac86e700265518722,1996-08-02,El Hawamdia,Leone_Fadel@yahoo.com,MALE,Giza,مستعين الأشراف - Mstain Alashraf ,0,14,0,2746,Senior Brand Executive - متدرب
62854e0ac86e700265518723,1978-05-15,Tahta,Benjamin93@yahoo.com,FEMALE,Sohag,بلسم بن عثمان - Blsam Bn Athman ,0,6,0,1131,Forward Communications Specialist - مصمم
62854e0ac86e700265518724,1981-02-13,Sadat City,Bridget.Turner52@gmail.com,MALE,Monufia,محسن العلاني - Muhasan Alalaanei ,0,13,0,1706,Investor Brand Developer - إداري
62854e0ac86e700265518725,1976-10-02,Ras Gharib,Agustin56@hotmail.com,MALE,Red Sea,كرم المحجوب - Karm Alamahajob ,0,7,0,1074,Global Branding Executive - مهندس
62854e0ac86e700265518726,1984-01-16,Armant,Willard.Gorczany@gmail.com,MALE,Luxor,عز الدين المنيف - Az Aldin Alamanif ,0,16,0,3063,Principal Response Developer - مدير
62854e0ac86e700265518727,1987-07-05,Marsa Alam,Mac44@gmail.com,FEMALE,Red Sea,اروي عنون - Aroi Anon ,0,31,0,3595,Forward Accounts Strategist - متدرب
62854e0ac86e700265518728,2004-05-02,Qaha,Yadira_Adams@gmail.com,FEMALE,Qalyubia,بروفيسور اروي بن حسين - Brofisaoar Aroi Bn Hussain ,0,17,0,2060,Direct Metrics Consultant - وكيل
62854e0ac86e700265518729,1979-10-28,Safaga,Ally20@gmail.com,MALE,Red Sea,سيد القاسم العلايمي - Said Aliqasam Alalaaiamai ,0,25,0,4662,Corporate Solutions Architect - مدير
62854e0ac86e70026551872a,1987-05-03,Sedy Beshr,Amara27@yahoo.com,MALE,Alexandria,مجدي غويلة المبجل - Mjadi Ghoilah Alambjl ,0,6,0,1476,Chief Operations Representative - مصمم
62854e0ac86e70026551872b,1994-02-19,Tala,Jerrold38@yahoo.com,FEMALE,Monufia,نوف عنون - Nof Anon ,0,3,0,753,Future Web Planner - مشرف
62854e0ac86e70026551872c,2003-01-02,Abu Tesht,Makenna75@hotmail.com,MALE,Qena,غسان بن عمر - Ghsan Bn Omar ,0,33,0,4520,Global Branding Officer - تنفيذي
62854e0ac86e70026551872d,1976-05-26,Ras Gharib,Ramon.Stamm@hotmail.com,FEMALE,Red Sea,نوف زروق - Nof Zroq ,0,7,0,685,District Security Representative - مساعد
62854e0ac86e70026551872e,1999-03-02,Sahel Selim,Chelsea_Herman@gmail.com,MALE,Asyut,آنسة أمجد الشريف - Anisah Amjad Alshrif ,0,4,0,604,Central Markets Director - تقني
62854e0ac86e70026551872f,2006-07-26,El Shiekh Zaied,Vladimir.Conn@hotmail.com,MALE,Ismailia,نصر زقية - Nasar Zqaiah ,0,7,0,976,Global Quality Associate - منسق
62854e0ac86e700265518730,1999-03-17,Kafr El Sheikh City,Sadie62@hotmail.com,MALE,Kafr El Sheikh,وسام بن عبدالله - Wsam Bn Abadallah ,0,13,0,1707,Central Functionality Analyst - مساعد
62854e0ac86e700265518731,1976-09-13,Abou Redis,Yasmin.Block0@hotmail.com,FEMALE,South Sinai,خلود بن عاشور - Khalod Bn AIshoar ,0,24,0,3814,Principal Group Orchestrator - مخطط
62854e0ac86e700265518732,1967-08-17,Sidi Barany,Sonya89@gmail.com,MALE,Matruh,طاهر عنون - Tahir Anon ,0,24,0,4186,Chief Interactions Officer - مهندس
62854e0ac86e700265518733,1976-11-27,El Laban,Marisa_Schamberger@gmail.com,MALE,Alexandria,راتب المدقي - Ratb Alamdqai ,0,22,0,2950,Dynamic Paradigm Associate - مبرمج
62854e0ac86e700265518734,1985-01-20,El Reyad,Maud60@hotmail.com,FEMALE,Kafr El Sheikh,خلود شنيق - Khalod Shniq ,0,6,0,666,Principal Communications Designer - منتج
62854e0ac86e700265518735,1999-07-30,El Delengat,Manuela.Lowe@gmail.com,FEMALE,Beheira,اروي الأشراف الموقر - Aroi Alashraf Alamoqur ,0,11,0,1313,International Accountability Designer - منتج
62854e0ac86e700265518736,1985-12-04,Kafr El Sheikh City,Ashleigh.Boyer33@gmail.com,FEMALE,Kafr El Sheikh,بتول بودوارة - Btol Bodwarah ,0,11,0,1625,Product Factors Specialist - تنفيذي
62854e0ac86e700265518737,1976-03-23,Nekhel,Caesar_Gibson@gmail.com,FEMALE,North Sinai,بتول النفطي - Btol Alnftai ,0,1,0,68,International Markets Manager - إداري
62854e0ac86e700265518738,1970-10-09,Obour City,Theo.Buckridge36@gmail.com,FEMALE,Qalyubia,خلود العطار - Khalod Alaatar ,0,12,0,1822,Principal Response Architect - رئيس مؤسسة
62854e0ac86e700265518739,1991-01-20,Abnoub,Kenyon84@gmail.com,MALE,Asyut,سمير الغربي - Sameir Alghrabi ,0,19,0,2040,Senior Applications Assistant - مهندس
62854e0ac86e70026551873a,1987-03-31,Meet Ghamer,Naomi40@yahoo.com,MALE,Dakahlia,قدري السقاط - Qadri Alsqat ,0,9,0,1871,Senior Response Liaison - متدرب
62854e0ac86e70026551873b,1976-12-13,Armant,Alison_Pfeffer@gmail.com,FEMALE,Luxor,سيد نوف الوحيشي - Said Nof Alohaishi ,0,7,0,1264,Forward Communications Technician - مشرف
62854e0ac86e70026551873c,1980-07-01,Snoras,Aron_McKenzie74@yahoo.com,FEMALE,Faiyum,عنود هذيل - Anod Hthil ,0,7,0,1117,Forward Paradigm Manager - منسق
62854e0ac86e70026551873d,1986-10-27,Mersa Matruh,Lance_Miller27@yahoo.com,MALE,Matruh,نبيل القلشاني - Nabil Aliqlshanei ,0,12,0,1821,National Quality Agent - تقني
62854e0ac86e70026551873e,1996-02-10,Damietta District,Caesar30@gmail.com,MALE,Damietta,بروفيسور ربيع الكافي - Brofisaoar Rabia Alkafii ,0,3,0,261,Senior Communications Specialist - تنفيذي
62854e0ac86e70026551873f,1987-09-10,Mersa Matruh,Shyann_Bergstrom@hotmail.com,FEMALE,Matruh,ريم الشتيوي - Riam Alshtioi ,0,2,0,254,Dynamic Paradigm Designer - محلل
62854e0ac86e700265518740,2000-03-31,El Khanka,Julien72@gmail.com,MALE,Qalyubia,مطيع غويلة - Mtaia Ghoilah ,0,19,0,1657,Principal Factors Coordinator - إداري
62854e0ac86e700265518741,1977-11-06,Talkha,Katherine.Armstrong43@hotmail.com,FEMALE,Dakahlia,بلسم بن عاشور - Blsam Bn AIshoar ,0,12,0,1924,Forward Metrics Executive - منسق
62854e0ac86e700265518742,1984-03-20,Nekhel,Lilla_Fahey@hotmail.com,FEMALE,North Sinai,عوضية السقاط - Aodhiah Alsqat ,0,5,0,984,Regional Accounts Director - تنفيذي
62854e0ac86e700265518743,1988-09-30,Al Katamia,Yvonne.Greenholt@yahoo.com,MALE,Cairo,رزق عاشور - Rzq AIshoar ,0,2,0,148,Regional Directives Planner - مبرمج
62854e0ac86e700265518744,1975-01-05,Essna,Ruben40@gmail.com,FEMALE,Luxor,بلسم المولدي - Blsam Alamoldi ,0,4,0,508,Regional Marketing Agent - تنفيذي
62854e0ac86e700265518745,1978-04-12,Qaha,Althea.Stracke61@gmail.com,FEMALE,Qalyubia,سيدة ريم الوحيشي - Saidah Riam Alohaishi ,0,11,0,768,Human Research Technician - رئيس مؤسسة
62854e0ac86e700265518746,1973-09-08,Kafr Saad,Jamil_Rempel@gmail.com,MALE,Damietta,نوفل النابلي - Nofl Alnablai ,0,7,0,667,Dynamic Marketing Architect - متخصص
62854e0ac86e700265518747,1989-09-15,Moharam Biek,Devyn_Ondricka75@hotmail.com,MALE,Alexandria,منصف الصفار - Munasaf Alsafar ,0,20,0,3196,Future Web Agent - مبرمج
62854e0ac86e700265518748,1971-04-09,El Idwa,Ricardo_Lueilwitz@gmail.com,MALE,Minya,جاسم الشتيوي - Jasam Alshtioi ,0,11,0,2168,Central Implementation Facilitator - تقني
62854e0ac86e700265518749,1988-07-12,Wadi El Natron,Darian96@hotmail.com,FEMALE,Beheira,ريم خنفير - Riam Khnfir ,0,13,0,2101,Investor Optimization Designer - مدير
62854e0ac86e70026551874a,1967-04-27,El Arab,Nicolas.Heidenreich55@yahoo.com,MALE,Beni Suef,مروان عظومة الموقر - Marawan Azomah Alamoqur ,0,8,0,1214,National Security Officer - مبرمج
62854e0ac86e70026551874b,1991-01-11,Attaka,Kendra_Stracke97@gmail.com,FEMALE,Suez,سيد براءة الصغير - Said Baraaah Alsghir ,0,14,0,1820,Customer Intranet Officer - تقني
62854e0ac86e70026551874c,1971-01-01,Qalyub,Krystal.Effertz13@gmail.com,FEMALE,Qalyubia,نوف زروق - Nof Zroq ,0,9,0,1065,Corporate Interactions Director - وكيل
62854e0ac86e70026551874d,1983-12-11,Mutubas,Mozell_Roob@hotmail.com,MALE,Kafr El Sheikh,شهاب الدرقاش - Shahab AldrqIsh ,0,2,0,128,Chief Operations Assistant - إداري
62854e0ac86e70026551874e,1978-02-11,El Ibrahimia,Francesco.Lueilwitz21@yahoo.com,MALE,Sharqia,ضياء غويلة - Dhiaa Ghoilah ,0,9,0,1069,Central Brand Facilitator - منسق
62854e0ac86e70026551874f,1999-07-31,Ashmoun,Laurence_Johnston@gmail.com,MALE,Monufia,أكرم المدقي الموقر - Akarm Alamdqai Alamoqur ,0,15,0,1628,Future Accountability Assistant - إداري
62854e0ac86e700265518750,1974-08-15,Dishna,Alva66@yahoo.com,FEMALE,Qena,اروي نيفر - Aroi Nifar ,0,17,0,2119,Investor Functionality Supervisor - تنفيذي
62854e0ac86e700265518751,2002-08-12,El Mahmodia,Maybell.Veum@hotmail.com,MALE,Beheira,علاء خنفير - Alaaa Khnfir ,0,8,0,836,Senior Integration Architect - تنفيذي
62854e0ac86e700265518752,1966-04-16,El Attareen,Blaze33@yahoo.com,FEMALE,Alexandria,بتول بوديبة - Btol Bodibah ,0,27,0,3717,Central Infrastructure Developer - إداري
62854e0ac86e700265518753,2001-10-21,Desouk,Mauricio39@hotmail.com,MALE,Kafr El Sheikh,حازم النابلي - Hazm Alnablai ,0,18,0,3474,Central Interactions Executive - مهندس
62854e0ac86e700265518754,1992-12-07,Attaka,Lucile_Robel10@hotmail.com,MALE,Suez,قيس سويس - Qais Saois ,0,3,0,384,District Marketing Manager - محلل
62854e0ac86e700265518755,1976-10-20,Marsa Alam,Charlene35@yahoo.com,MALE,Red Sea,ياسر المنيف المحترم - Yasr Alamanif Alamuhtrm ,0,56,0,7488,Corporate Functionality Strategist - وكيل
62854e0ac86e700265518756,1968-06-26,Biba,Keegan.Kunde@yahoo.com,MALE,Beni Suef,أوس العواني - Aws Alawanei ,0,7,0,1015,International Communications Engineer - تقني
62854e0ac86e700265518757,1992-10-14,Sheikh Zuweid,Dominique.Padberg89@hotmail.com,MALE,North Sinai,عزيز عطالله المحترم - Azaiaz Aatallah Alamuhtrm ,0,2,0,254,District Optimization Administrator - تقني
62854e0ac86e700265518758,1973-11-16,El Manakh,Cole_Simonis@yahoo.com,FEMALE,Port Said,اروي العنابي - Aroi Alanabi ,0,32,0,4758,Human Quality Supervisor - متدرب
62854e0ac86e700265518759,2003-01-15,Marsa Alam,Myrtie_Kuhic15@yahoo.com,FEMALE,Red Sea,اروي النقاش - Aroi AlnqIsh ,0,11,0,1235,Chief Data Architect - وكيل
62854e0ac86e70026551875a,1990-06-26,Kafr Saad,Breana.Harris24@gmail.com,MALE,Damietta,بهيج الخليفي - Bhij Alkhalaifi ,0,9,0,1733,Future Group Developer - مخطط
62854e0ac86e70026551875b,1967-07-03,Damietta District,Lorenzo_Larson63@gmail.com,FEMALE,Damietta,عنود بنسلامة المحترم - Anod Bnisalamah Alamuhtrm ,0,11,0,2064,Senior Directives Facilitator - منتج
62854e0ac86e70026551875c,2007-04-09,Damietta District,Alanis24@gmail.com,FEMALE,Damietta,اروي بوهاها - Aroi Bohaha ,0,4,0,256,Corporate Optimization Representative - مصمم
62854e0ac86e70026551875d,1980-08-11,Biba,Clifton64@yahoo.com,MALE,Beni Suef,رفيع الصفار - Rafia Alsafar ,0,7,0,1308,Legacy Identity Administrator - متخصص
62854e0ac86e70026551875e,2003-11-12,Marsa Alam,Mabelle.Torphy54@yahoo.com,FEMALE,Red Sea,بلسم البشيري - Blsam Albshiri ,0,8,0,728,Product Implementation Agent - مدير
62854e0ac86e70026551875f,1968-09-15,Sidi Barany,Carlos.Rutherford74@gmail.com,MALE,Matruh,فراس النابلي - Faras Alnablai ,0,3,0,198,Human Solutions Technician - محلل
62854e0ac86e700265518760,1994-07-06,Sueiz,Kiarra.Dietrich@yahoo.com,MALE,Suez,وليد النابلي الموقر - Wlaid Alnablai Alamoqur ,0,12,0,1992,Corporate Interactions Manager - منسق
62854e0ac86e700265518761,1997-12-22,Abou Qirqas,Mafalda.Mohr@hotmail.com,MALE,Minya,رسلان عظومة - Rsalan Azomah ,0,4,0,502,Global Implementation Liaison - وكيل
62854e0ac86e700265518762,1984-01-30,Mutubas,Cody_Ankunding92@yahoo.com,FEMALE,Kafr El Sheikh,بلسم النابلي المبجل - Blsam Alnablai Alambjl ,0,8,0,984,Internal Branding Specialist - تنفيذي
62854e0ac86e700265518763,2001-05-24,El Kantara Shark,Velda_Bogisich6@gmail.com,MALE,Ismailia,حمزة يافع حفظه الله - Hamzah Yafa Hfzah Allah ,0,2,0,254,International Markets Liaison - منتج
62854e0ac86e700265518764,1999-12-04,Kafr Saad,Andreanne.Hahn@yahoo.com,MALE,Damietta,نضال الرصاع - Ndhal Alrsaa ,0,9,0,1894,Corporate Metrics Planner - محلل
62854e0ac86e700265518765,2001-03-18,El Zohour,Maxie9@gmail.com,MALE,Port Said,رنيم السقاط - Rniam Alsqat ,0,2,0,256,Chief Mobility Developer - مخطط
62854e0ac86e700265518766,2007-10-12,Birket El Sab,Darrick_Schuster75@hotmail.com,MALE,Monufia,فكري لخشين - Fikari Lkhshin ,0,2,0,256,Principal Usability Technician - رئيس مؤسسة
62854e0ac86e700265518767,1995-03-28,Monshaat El Kanater,Marilyne_Crona98@hotmail.com,MALE,Giza,ناجح العلايمي - Najh Alalaaiamai ,0,4,0,880,Global Factors Strategist - متخصص
62854e0ac86e700265518768,1997-11-20,Al Wasta,Lincoln.Tromp@yahoo.com,MALE,Beni Suef,كمال نيفر - Kamal Nifar ,0,1,0,128,Forward Response Engineer - رئيس مؤسسة
62854e0ac86e700265518769,1980-12-01,Damietta District,Gage_Brakus81@gmail.com,MALE,Damietta,بندر البشيري - Bnadr Albshiri ,0,22,0,2793,Dynamic Markets Designer - مهندس
62854e0ac86e70026551876a,1990-06-21,Etsa,Marcellus55@gmail.com,FEMALE,Faiyum,اروي العواني المبجل - Aroi Alawanei Alambjl ,0,16,0,2542,Forward Infrastructure Coordinator - وكيل
62854e0ac86e70026551876b,1976-12-26,Marsa Alam,Angelita64@gmail.com,FEMALE,Red Sea,براءة الدنوني - Baraaah Aldnoni ,0,1,0,274,National Optimization Strategist - تنفيذي
62854e0ac86e70026551876c,1991-08-20,El Fatth,Lucio.Ward97@hotmail.com,FEMALE,Asyut,فاطمه بن عاشور - Fatmuah Bn AIshoar ,0,19,0,3537,Internal Optimization Specialist - منتج
62854e0ac86e70026551876d,1991-10-04,El Tebeen,Madeline_Aufderhar86@hotmail.com,FEMALE,Cairo,عنود بن حسين - Anod Bn Hussain ,0,3,0,525,National Paradigm Director - منسق
62854e0ac86e70026551876e,1981-01-08,Yousof El Sedek,Enrique.Mraz@hotmail.com,FEMALE,Faiyum,براءة سويس - Baraaah Saois ,0,4,0,880,Global Identity Planner - مصمم
62854e0ac86e70026551876f,1994-02-03,Ras Sedr,Hector.Torphy@hotmail.com,MALE,South Sinai,حليم النقاش - Halaiam AlnqIsh ,0,30,0,2840,District Functionality Strategist - مهندس
62854e0ac86e700265518770,1989-07-23,Al Wasta,Elva18@yahoo.com,FEMALE,Beni Suef,بلسم الزوابي - Blsam Alzwabi ,0,8,0,1611,Dynamic Response Producer - مصمم
62854e0ac86e700265518771,1967-01-23,First Tanta,Brendan.Feil70@gmail.com,MALE,Gharbia,سيدة عدلي النجار - Saidah Adlai Alnajar ,0,26,0,4538,Internal Security Planner - محلل
62854e0ac86e700265518772,1991-01-06,Abshway,Alvera_Erdman@gmail.com,FEMALE,Faiyum,نوف بن عمر - Nof Bn Omar ,0,12,0,1522,Lead Research Supervisor - مستشار
62854e0ac86e700265518773,1998-08-12,Meet Ghamer,Derick.Goyette44@hotmail.com,FEMALE,Dakahlia,فاطمه السقاط - Fatmuah Alsqat ,0,16,0,1616,Internal Group Producer - مهندس
62854e0ac86e700265518774,1988-03-08,Eyetay El Barood,Eulah_Hyatt54@gmail.com,FEMALE,Beheira,نوف سويس المبجل - Nof Saois Alambjl ,0,4,0,964,Central Directives Analyst - منتج
62854e0ac86e700265518775,1973-03-28,Sadat City,Deshaun_Donnelly@hotmail.com,MALE,Monufia,أوس العطار - Aws Alaatar ,0,11,0,1292,Direct Marketing Executive - رئيس مؤسسة
62854e0ac86e700265518776,1995-09-05,Second Ismaillia,Lysanne.Lesch@hotmail.com,MALE,Ismailia,رفيع بن عمر - Rafia Bn Omar ,0,8,0,784,Dynamic Infrastructure Specialist - مساعد
62854e0ac86e700265518777,1997-09-14,Nasr El Noba,Neil.Bartell@hotmail.com,FEMALE,Aswan,بتول المنيف - Btol Alamanif ,0,14,0,2318,Regional Markets Orchestrator - إداري
62854e0ac86e700265518778,2005-10-14,Kafr Saad,Fausto22@hotmail.com,MALE,Damietta,مصلح الكافي - Muslh Alkafii ,0,14,0,3032,Legacy Response Associate - وكيل
62854e0ac86e700265518779,1994-06-06,Louxor,Alfredo36@hotmail.com,MALE,Luxor,خلدون عاشور - Khaldon AIshoar ,0,2,0,424,District Solutions Administrator - منسق
62854e0ac86e70026551877a,1984-07-07,El Fashn,Gordon_Gibson@gmail.com,FEMALE,Beni Suef,ريم تومي حفظه الله - Riam Tomai Hfzah Allah ,0,8,0,833,Corporate Solutions Director - مشرف
62854e0ac86e70026551877b,1999-06-21,Second Zakazek,Ryan48@gmail.com,FEMALE,Sharqia,آنسة ريم الكراي - Anisah Riam Alkarai ,0,4,0,1004,Lead Infrastructure Analyst - رئيس مؤسسة
62854e0ac86e70026551877c,1978-07-13,Ras Sedr,Emie32@hotmail.com,MALE,South Sinai,رمضان الغربي - Rmdhan Alghrabi ,0,8,0,1762,Dynamic Quality Developer - مصمم